番号,名言（英語）,名言の日本語訳,発言者,発言者の情報,深い文法解説,写真のURL
1,"Stay hungry, stay foolish.",ハングリーであれ、愚かであれ。,Steve Jobs,Appleの共同創業者。iPhoneなど数々の革新的な製品を世に送り出した。,【命令文と状態維持】 「Stay + 形容詞」は命令文で「〜の状態を保ち続けなさい」という意味。hungry（空腹）とfoolish（愚か）を並べることで、知識への渇望と、常識に縛られない大胆さを対比させています。,-
2,Imagination is more important than knowledge.,想像力は知識よりも重要である。,Albert Einstein,ドイツ生まれの理論物理学者。相対性理論を提唱し、ノーベル物理学賞を受賞。,【比較級】 「A is more [形容詞] than B」の形。importantは長い単語なのでmoreを使います。knowledge（知識）という既存の枠組みよりも、imagination（想像力）という能動的な力を主語にして強調しています。,-
3,The way to get started is to quit talking and begin doing.,始めるための方法は、話すことをやめて行動し始めることだ。,Walt Disney,アメリカのアニメーター、映画監督。ディズニーリゾートの創設者。,【不定詞の役割】 「The way to [動詞]」で「〜するための方法」という長い主語を作っています。「is to [動詞]」は「〜することだ」と結論を述べる名詞的用法。quitとbeginの後ろが共に動名詞(-ing)で、リズムと対比を生んでいます。,-
4,It always seems impossible until it's done.,何事も、達成するまでは不可能に見えるものだ。,Nelson Mandela,南アフリカ共和国の元大統領。反アパルトヘイト運動に尽力し、ノーベル平和賞を受賞。,【第2文型(SVC)と接続詞】 「It seems [形容詞]」で「〜のように見える（思える）」という判断。接続詞 until（〜するまでずっと）が継続を示し、受動態 it's done（なされる）で「完了するまで」というニュアンスを強調。,-
5,Be the change that you wish to see in the world.,あなたが見たいと願う世界の変革に、あなた自身がなりなさい。,Mahatma Gandhi,インドの独立運動指導者。「非暴力・不服従」を提唱した。,【関係代名詞】 命令文「Be the change」に対し、関係代名詞 that が導く節が change を詳しく説明しています。see（見る）の目的語が欠けており、それが先行詞の change であることを掴むのが読解の鍵です。,-
6,I have a dream.,私には夢がある。,Martin Luther King Jr.,アメリカの公民権運動の指導者。人種差別撤廃に尽力した。,【基本の第3文型】 非常にシンプルですが、a dream と単数形にすることで、ぼんやりした夢ではなく「たった一つの明確な決意」であることを示しています。,-
7,"I have not failed. I've just found 10,000 ways that won't work.",私は失敗したことがない。ただ、うまくいかない1万の方法を見つけただけだ。,Thomas Edison,アメリカの発明家。白熱電球や蓄音機など、生涯で数多くの発明を行った。,【現在完了形】 「I have not failed」は現在完了の否定で「一度も失敗したことはないし、今も失敗した状態ではない」という継続・結果を示唆。that以下の関係代名詞節が「機能しない方法」と説明し、失敗をポジティブに言い換えています。,-
8,"Life is like riding a bicycle. To keep your balance, you must keep moving.",人生とは自転車のようなものだ。倒れないようにするには、走り続けなければならない。,Albert Einstein,ドイツ生まれの理論物理学者。相対性理論を提唱し、ノーベル物理学賞を受賞。,【前置詞likeと動名詞】 likeは「〜のような」という前置詞。後半の「keep + -ing」は「〜し続ける」という熟語。To keep...は不定詞の副詞的用法で「目的」を文頭に置いて強調しています。,-
9,The only limit to our realization of tomorrow will be our doubts of today.,私たちの明日への実現を制限する唯一のものは、今日の疑念である。,Franklin D. Roosevelt,第32代アメリカ合衆国大統領。ニューディール政策を推進した。,【助動詞willの予測】 willは強い確信を伴う予測。realization（実現）とdoubts（疑念）を対照的な主語と補語に配置し、未来（tomorrow）を阻むのは現在の自分自身（today）であると論理的に述べています。,-
10,"Whatever you are, be a good one.",あなたが何者であれ、立派な者でありなさい。,Abraham Lincoln,第16代アメリカ合衆国大統領。奴隷解放宣言を行い、「人民の、人民による、人民のための政治」で知られる。,【譲歩の複合関係代名詞】 Whatever you are は「あなたが何者であろうとも」という条件（譲歩）。one は直前の内容を指す代名詞で、どのような職業や立場であっても、という意味を含んでいます。,-
11,"Success is not final, failure is not fatal: it is the courage to continue that counts.",成功は決定的なものではなく、失敗は致命的なものではない。重要なのは続ける勇気だ。,Winston Churchill,イギリスの元首相。第二次世界大戦時にイギリスを指導し、勝利に導いた。,【強調構文】 「It is A that ...」の形。 counts は「重要である」という自動詞。一番大事なのは success や failure ではなく courage（勇気）であると強調しています。,-
12,Peace begins with a smile.,平和は微笑みから始まる。,Mother Teresa,カトリック教会の修道女。貧しい人々のために尽くし、ノーベル平和賞を受賞。,【自動詞の勢い】 begin は自動詞。「平和の方から動き出す」というニュアンスがあり、with a smile（微笑みを伴って）という手段が平和への第一歩であることを示しています。,-
13,The future belongs to those who believe in the beauty of their dreams.,未来は、夢の美しさを信じる人々のものだ。,Eleanor Roosevelt,アメリカのファーストレディ、人権活動家。国連人権委員会の初代委員長。,【関係代名詞 those who】 belong to（〜に属する）の後に、those who（〜な人々）を置いています。believe in は単なる「信じる」より深く「価値を確信する」という強い意味です。,-
14,Don't judge each day by the harvest you reap but by the seeds that you plant.,毎日を収穫の量で判断するのではなく、蒔いた種で判断しなさい。,Robert Louis Stevenson,イギリスの小説家、詩人。『宝島』や『ジキル博士とハイド氏』の作者。,【Not A but B】 「judge A by B」で「AをBで判断する」。収穫（harvest）という「結果」ではなく、種まき（seeds）という「過程」に焦点を当てる構造。目的格の関係代名詞が省略されています。,-
15,"Nothing is impossible, the word itself says ""I'm possible""!",不可能なことなどない。言葉そのものが「私はできる」と言っているのだから！,Audrey Hepburn,イギリスの女優。『ローマの休日』などで知られ、ユニセフ親善大使も務めた。,【代名詞による強調】 itself は word を強める同格の用法。「言葉自身がこう言っている」という擬人化により、不可能（impossible）の中に可能（possible）を見出す言葉遊びが使われています。,-
16,"Whether you think you can or you think you can't, you're right.",できると思っても、できないと思っても、どちらも正しい。,Henry Ford,フォード・モーターの創設者。自動車の大量生産方式を確立した。,【接続詞Whether】 「〜であろうと、なかろうと」という副詞節。主句の you're right（あなたは正しい）が非常に短く、強い断定の響きを持たせています。,-
17,Keep your face always toward the sunshine—and shadows will fall behind you.,常に太陽のほうを向いていなさい。そうすれば影はあなたの後ろに落ちるから。,Walt Whitman,アメリカの詩人、随筆家。代表作に詩集『草の葉』がある。,【命令文 + and】 「〜しなさい、そうすれば･･･」という構文。太陽（sunshine）と影（shadows）を対置させ、視点を変えれば現実が変わることを論理的に示しています。,-
18,Life is 10% what happens to me and 90% of how I react to it.,人生は、自分に起きることが10%、それにどう反応するかが90%だ。,Charles R. Swindoll,アメリカの牧師、作家。キリスト教関連のラジオ番組や著書で広く知られる。,【名詞節の対比】 what節（起きること）とhow節（どう反応するか）を数値（10% vs 90%）で対比。人生の本質は環境ではなく、自らの「反応（react）」にあることを強調しています。,-
19,"Knowing is not enough, we must apply. Willing is not enough, we must do.",知っているだけでは不十分だ、応用しなければ。意欲があるだけでは不十分だ、実行しなければ。,Bruce Lee,香港の武道家、俳優。截拳道（ジークンドー）を創始し、世界的アクションスターとなった。,【動名詞の主語】 知ること（Knowing）と意欲（Willing）を主語にし、助動詞 must で強い義務を表現。apply（応用する）と do（実行する）を並べて行動の重要性を説いています。,-
20,It does not matter how slowly you go as long as you do not stop.,止まりさえしなければ、どんなにゆっくり進んでも構わない。,Confucius（孔子）,古代中国の思想家、哲学者。儒教の始祖。,【形式主語と条件の接続詞】 Itは形式主語で、真の主語は how節。as long as は「〜である限りは」という強い条件を示し、継続の重要性を論理的に解説しています。,-
21,Be yourself; everyone else is already taken.,自分自身でありなさい。他の人はすでに取られているのだから。,Oscar Wilde,アイルランド出身の詩人、作家、劇作家。『幸福な王子』などで知られる。,【現在完了の受動態】 taken は「取られている、予約済み」という状態。セミコロン（;）を使って理由を補足し、「自分以外の席は空いていない」というユーモアのある表現になっています。,-
22,Ask not what your country can do for you — ask what you can do for your country.,国があなたに何をしてくれるかを問うのではなく、あなたが国に何ができるかを問いなさい。,John F. Kennedy,第35代アメリカ合衆国大統領。若くして就任し、アポロ計画などを推進した。,【倒置に近い古風な否定】 本来 Don't ask ですが、あえて Ask not とすることで強い宣言のような響きに。what節の内容を入れ替える（国の奉仕 vs 自己の貢献）ことで対比を際立たせています。,-
23,Believe you can and you're halfway there.,できると信じなさい。そうすれば半分目標は達成されたようなものだ。,Theodore Roosevelt,第26代アメリカ合衆国大統領。自然保護や独占禁止法の適用を推進した。,【接続詞andの帰結】 「信じなさい、そうすれば･･･」の形。halfway there は「（目的地への）道半ばにいる」という慣用表現で、確信が成功の半分を占めることを示唆しています。,-
24,Every strike brings me closer to the next home run.,ストライクを振るたびに、次のホームランに近づく。,Babe Ruth,アメリカの元プロ野球選手。野球界の歴史に残る伝説的なホームラン打者。,【第4文型的な第3文型】 「bring A B」のように見えますが、A（自分）を B（ホームラン）へと近づけるという構造。closer は比較級で、一歩一歩の着実な進展を意味しています。,-
25,The purpose of our lives is to be happy.,私たちの人生の目的は、幸せになることだ。,Dalai Lama,チベット仏教の最高指導者。非暴力によるチベットの平和的解決を訴え続けている。,【不定詞の名詞的用法】 目的（purpose）＝ 幸福であること（to be happy）という非常に純粋な SVC（第2文型）。迷いのない力強い断定です。,-
26,It's fine to celebrate success but it is more important to heed the lessons of failure.,成功を祝うのは良いことだが、より重要なのは失敗の教訓に耳を傾けることだ。,Bill Gates,Microsoftの共同創業者。世界的な実業家であり、慈善活動家。,【形式主語 It】 形式主語 It が指す内容は、後ろの to不定詞句。比較級 more important を使い、成功（success）よりも失敗（failure）から学ぶことの価値を比較・強調しています。,-
27,Turn your wounds into wisdom.,傷を叡智に変えなさい。,Oprah Winfrey,アメリカのテレビ司会者、プロデューサー。自身のトーク番組で多大な影響力を持つ。,【動詞 turn の用法】 「turn A into B」で「AをBに変える」。マイナスのもの（wounds/傷）をプラスのもの（wisdom/知恵）に昇華させるという、変化の動詞が使われています。,-
28,"Float like a butterfly, sting like a bee.",蝶のように舞い、蜂のように刺す。,Muhammad Ali,アメリカの元プロボクサー。ヘビー級チャンピオンであり、公民権運動にも関わった。,【直喩法 simile】 like を使った比喩を2つ並べることで、軽やかさ（float）と鋭さ（sting）という相反する美徳をリズム良く表現しています。,-
29,What would life be if we had no courage to attempt anything?,もし何も試みる勇気がなかったら、人生はどうなってしまうだろうか？,Vincent van Gogh,オランダのポスト印象派の画家。『ひまわり』や『星月夜』などで知られる。,【仮定法過去】 「もし勇気がなかったら（実際はあるが）」という現在の事実に反する想定。courageを修飾する不定詞 to attempt（試みるための）が勇気の内容を具体化しています。,-
30,Life would be tragic if it weren't funny.,もし面白くなければ、人生は悲劇だっただろう。,Stephen Hawking,イギリスの理論物理学者。ブラックホールや宇宙論の研究で多大な功績を残した。,【仮定法過去】 「もし面白くなかったら（実際は面白いが）」という仮定。weren't を使うことで、現実への感謝やユーモアの重要性を逆説的に述べています。,-
31,The best way to predict the future is to create it.,未来を予測する最良の方法は、それを創り出すことだ。,Peter Drucker,オーストリア出身の経営学者。「マネジメントの父」と呼ばれる。,【最上級と不定詞】 最上の方法（The best way）の内容を to predict（予測するための）が説明。結論として to create（創り出すこと）を持ってくることで、受動から能動への転換を促しています。,-
32,"If you cannot do great things, do small things in a great way.",偉大なことができないのなら、小さなことを偉大なやり方でやりなさい。,Napoleon Hill,アメリカの著作家。成功哲学の提唱者であり『思考は現実化する』の著者。,【副詞句 in a great way】 できないこと（great things）と、できること（small things）の対比。やり方（in a great way）次第で価値が決まるという、質の重要性を説く構造です。,-
33,Change your thoughts and you change your world.,考え方を変えれば、あなたの世界が変わる。,Norman Vincent Peale,アメリカの牧師、著作家。「積極的思考（ポジティブ・シンキング）」を提唱した。,【命令文 + and】 思考（thoughts）を変えるという「原因」が、世界（world）を変えるという「結果」に直結することを and で示しています。,-
34,You miss 100% of the shots you don't take.,打たないシュートは、100％外れる。,Wayne Gretzky,カナダの元プロアイスホッケー選手。「史上最高のホッケー選手」と称される。,【関係代名詞の省略】 shots と you の間に目的格の関係代名詞 that/which が省略されています。「打たなかったシュート」という形容詞の役割をし、不行動のリスクを数値化しています。,-
35,The only way to do great work is to love what you do.,偉大な仕事をする唯一の方法は、自分のしていることを愛することだ。,Steve Jobs,Appleの共同創業者。MacやiPhoneなどを生み出した。,【what節】 what you do は「あなたがすること（＝仕事）」。関係代名詞の what は the thing that と書き換え可能で、愛という感情が成功の条件であることを述べています。,-
36,"Strive not to be a success, but rather to be of value.",成功者になろうとするのではなく、価値ある人間になろうとしなさい。,Albert Einstein,ドイツ生まれの理論物理学者。相対性理論の提唱者。,【be of + 抽象名詞】 「be of value」は「valuable（価値がある）」と同じ意味。成功（success）という外的な結果より、価値（value）という内面的な質を追求するよう strive（励む）を求めています。,-
37,We become what we think about.,私たちは、自分が考えているような人間になる。,Earl Nightingale,アメリカのラジオパーソナリティ、自己啓発作家。,【先行詞を含む関係代名詞】 what は「〜すること」。think about（〜について考える）の内容が、そのまま主語 we の正体（becomeの補語）になるという、思考と存在の直結を表しています。,-
38,"Your time is limited, so don't waste it living someone else's life.",あなたの時間は限られている。だから他人の人生を生きて無駄にしてはいけない。,Steve Jobs,Appleの共同創業者。卓越したプレゼンやビジョンで世界を変えた。,【分詞構文的な-ing】 living... は「〜しながら（生きることで）」という付帯状況。他人の人生（someone else's life）という言葉を使い、個の尊厳を強調しています。,-
39,I am not a product of my circumstances. I am a product of my decisions.,私は自分の環境の産物ではない。自分の決断の産物だ。,Stephen Covey,アメリカの作家、経営コンサルタント。『7つの習慣』の著者。,【名詞句の対置】 環境（circumstances）と決断（decisions）を product（産物）という言葉で比較。否定文と肯定文を重ねることで、自己責任の重要性を強く打ち出しています。,-
40,Every child is an artist. The problem is how to remain an artist once he grows up.,子どもは皆アーティストだ。問題は、大人になってもアーティストでいられるかどうかだ。,Pablo Picasso,スペイン出身の画家、彫刻家。キュビスムの創始者の一人。,【疑問詞 + 不定詞】 how to remain は「どうやって〜のままでいられるか」。once は「いったん〜すると」という接続詞で、成長という避けられない変化に対する課題を提示しています。,-
41,The best revenge is massive success.,最高の復讐とは、大成功することだ。,Frank Sinatra,アメリカのジャズ・ポピュラー歌手、俳優。数々のヒット曲を持つ。,【最上級 SVC】 復讐（revenge）の定義を、相手への攻撃ではなく自己の成功（massive success）へと書き換える、短く鋭い断定の形です。,-
42,"There is only one way to avoid criticism: do nothing, say nothing, and be nothing.",批判を避ける唯一の方法は、何もしないこと、何も言わないこと、何者にもならないことだ。,Aristotle,古代ギリシャの哲学者。プラトンの弟子であり、アレクサンドロス大王の家庭教師。,【There is 構文とコロン】 コロン（:）を使って way の中身を具体的に説明。nothing（何もない）を3回繰り返すことで、批判を恐れることの虚しさを強調しています。,-
43,Go confidently in the direction of your dreams. Live the life you have imagined.,夢の方向へ自信を持って進みなさい。思い描いた人生を生きなさい。,Henry David Thoreau,アメリカの作家、思想家、詩人。『ウォールデン 森の生活』の著者。,【副詞の強調】 confidently（自信を持って）を動詞 go の直後に配置。後半は imagined（想像した）という過去分詞が life を修飾し、過去のビジョンを現在に繋いでいます。,-
44,Everything you’ve ever wanted is on the other side of fear.,あなたがこれまで望んだすべてのものは、恐怖の向こう側にある。,George Addair,アメリカのモチベーショナル・スピーカー、実業家。,【関係代名詞の省略】 everything と you 間に that が省略されています。fear（恐怖）の「向こう側（other side）」という場所を示すことで、一歩踏み出す勇気を促しています。,-
45,Start where you are. Use what you have. Do what you can.,今いる場所から始めよ。持っているものを使え。できることをせよ。,Arthur Ashe,アメリカの元プロテニス選手。黒人選手として初めて四大大会で優勝した。,【関係副詞 where と関係代名詞 what】 3つの短い命令文の並列。場所（where）、所有物（what）、能力（what）という現実を認め、その場で行動を開始することを求める力強いリズムです。,-
46,"Everything has beauty, but not everyone can see.",すべてのものに美しさはあるが、誰もがそれを見られるわけではない。,Confucius（孔子）,古代中国の思想家、哲学者。儒教の始祖。,【部分否定】 not everyone は「全員が〜なわけではない（一部の人は見ている）」。すべての人に可能性があると同時に、視点の重要性を説いています。,-
47,How wonderful it is that nobody need wait a single moment before starting to improve the world.,世界を良くするために、誰もが一瞬たりとも待つ必要がないというのは、なんて素晴らしいことだろう。,Anne Frank,ユダヤ系の少女。『アンネの日記』の著者として知られる。,【感嘆文 How...】 it is wonderful that... を強調した形。nobody need wait（誰も待つ必要がない）という強い肯定を、感嘆文で包み込んで感動を表現しています。,-
48,"When I let go of what I am, I become what I might be.",今の自分を手放したとき、私は本来なるべき自分になる。,Lao Tzu（老子）,古代中国の哲学者。道教の創始者とされる。,【現在形と助動詞 might】 let go of は「〜を手放す」。what I am（今の自分）と、what I might be（なるかもしれない自分＝可能性）を対比。手放すことが成長の条件であることを示しています。,-
49,"Life is not measured by the number of breaths we take, but by the moments that take our breath away.",人生は呼吸の数で測るのではなく、息を呑むような瞬間の数で測るものだ。,Maya Angelou,アメリカの詩人、作家、公民権運動活動家。,【Not A but B と言葉遊び】 breath（呼吸）と take one's breath away（息を呑む/感動させる）という同じ単語を使った対比。人生を「量」ではなく「感動の質」で測るべきという哲学を構造化しています。,-
50,Happiness is not something readymade. It comes from your own actions.,幸せは既製品ではない。あなた自身の行動から生まれるものだ。,Dalai Lama,チベット仏教の最高指導者。ノーベル平和賞受賞者。,【後置修飾】 readymade（既製品の）という形容詞が something を後ろから修飾。幸福は「受動的に与えられるもの」ではなく「能動的に生み出すもの（comes from actions）」であると論理的に述べています。,-
51,"If you're offered a seat on a rocket ship, don't ask what seat! Just get on.",ロケットの座席を与えられたなら、どの席かなんて聞くな！ただ乗り込め。,Sheryl Sandberg,アメリカの実業家。Meta（旧Facebook）の元COO。,【動詞の語法と対比】 前半は「数える」という他動詞。後半の count は「重要である」という自動詞です。使役動詞 make を使った「make A B（AをBの状態にする）」の形で、受動的から能動的な生き方への転換を促しています。,-
52,"We must believe that we are gifted for something, and that this thing, at whatever cost, must be attained.",私たちは何かの才能を授かっていると信じなければならない。そしてそれは、どんな犠牲を払ってでも達成されなければならない。,Marie Curie,ポーランド出身の物理学者・化学者。放射能の研究でノーベル賞を2度受賞。,【代名詞と命令文】 it は a happy life を指します。「tie A to B（AをBに結びつける）」という動詞の語法が核です。幸福を他者や物質（外的な要因）ではなく、目標（自律的な要因）に関連付けるべきという論理構造です。,-
53,Challenges are what make life interesting and overcoming them is what makes life meaningful.,困難こそが人生を面白くし、それを乗り越えることが人生を意味あるものにする。,Joshua J. Marine,アメリカの作家。自己啓発に関する名言を多く残している。,【自動詞 get の変化】 2つの get が使われています。主句は「人生が好転する」、when節は「自分自身が成長する」という変化を表しています。「環境が変わるのを待つのではなく、自分が変わるのが先だ」という因果関係を強調しています。,-
54,"If you want to lift yourself up, lift up someone else.",自分を引き上げたいなら、他の誰かを引き上げなさい。,Booker T. Washington,アメリカの教育者、著作家。アフリカ系アメリカ人の地位向上に尽力した。,【現在分詞と過去分詞】 dreaming（夢を見続けている状態）という能動的な現在分詞と、focused（集中させられている＝集中した状態）という受動的な過去分詞を使い分けています。動と静のバランスを保つよう求めています。,-
55,"Do what you can, with what you have, where you are.",今いる場所で、持っているもので、できることをしなさい。,Theodore Roosevelt,第26代アメリカ合衆国大統領。ノーベル平和賞を受賞した。,【接尾辞 -able】 figure out（解決する）に -able（できる）がついた造語に近い表現です。不可能なことは何一つなく、すべては「解決可能（figureoutable）」であるという力強い断定です。,-
56,A person who never made a mistake never tried anything new.,一度も失敗をしたことがない人は、何も新しいことに挑戦したことがない人だ。,Albert Einstein,ドイツ生まれの理論物理学者。20世紀最大の物理学者とも称される。,【関係副詞の省略】 everywhere と you の間には (that) または (where) が省略されており、副詞節として「行くところどこへでも」という意味を作っています。愛を「広げる（spread）」という能動的な動作を強調しています。,-
57,There are no traffic jams along the extra mile.,もう一歩踏み込んだ先（エクストラ・マイル）に、渋滞はない。,Roger Staubach,アメリカの元アメリカンフットボール選手、実業家。,【関係代名詞 what】 「〜すること（もの）」という意味の what 節を2つ並べて対比させています。道徳的な正しさ（right）と、安易な道（easy）の選択を迫る、簡潔で鋭い対照構造です。,-
58,It is never too late to be what you might have been.,なっていたかもしれない自分になるのに、遅すぎるということはない。,George Eliot,19世紀イギリスの女性小説家。（本名：メアリー・アン・エヴァンス）,【動詞 dare の語法】 dare to [動詞] は「あえて〜する、思い切って〜する」という意味。失敗を「避けるもの」ではなく「挑戦の結果として受け入れるもの」と定義し直しています。,-
59,What you get by achieving your goals is not as important as what you become by achieving your goals.,目標を達成して得るものよりも、目標を達成することで「どんな人間になるか」の方が重要だ。,Zig Ziglar,アメリカの自己啓発作家、モチベーショナル・スピーカー。,【不定詞の副詞的用法】 To handle... は「〜を扱うためには」という目的。自分には理性を、他人には共感を使うという対比を、セミコロン（;）を用いた並列構造で美しく表現しています。,-
60,Education is the most powerful weapon which you can use to change the world.,教育とは、世界を変えるために用いることができる最も強力な武器である。,Nelson Mandela,南アフリカ共和国の元大統領。アパルトヘイト撤廃に尽力した。,【代動詞 do】 最後の do は last（続く）という動詞の繰り返しを避ける代動詞です。困難（状況）は一時的だが、強い人間（存在）は持続するという、対照的な性質を浮き彫りにしています。,-
61,"I can accept failure, everyone fails at something. But I can't accept not trying.",失敗を受け入れることはできる。誰でも何かに失敗するからだ。しかし、挑戦しないことは受け入れられない。,Michael Jordan,アメリカの元プロバスケットボール選手。「バスケットボールの神様」と呼ばれる。,【現在進行形と動名詞】 go through は「（苦難などを）通り抜ける」。現在進行形にすることで「今まさに地獄の中にいる」という臨場感を出し、keep -ing で「歩みを止めるな」と促しています。,-
62,"To be, or not to be, that is the question.",生きるべきか、死ぬべきか、それが問題だ。,William Shakespeare,イギリスの劇作家、詩人。『ハムレット』や『ロミオとジュリエット』の作者。,【前置詞の副詞的用法】 out（外への道）と through（突き抜けること）を対置させています。困難を「避ける」のではなく「突き進んで通り抜ける」ことこそが唯一の解決策であるという逆説的な表現です。,-
63,Imagination rules the world.,想像力が世界を支配する。,Napoleon Bonaparte,フランスの軍人、皇帝。ヨーロッパ大陸の大半を支配した。,【不定詞の目的】 odd（奇妙な、変な）と number one（一番）を繋いでいます。平凡（even）ではないことこそが、卓越するための条件であるという言葉遊びが含まれています。,-
64,"If you judge people, you have no time to love them.",人を批判していると、人を愛する時間がなくなってしまう。,Mother Teresa,カトリック教会の修道女。ノーベル平和賞受賞者。,【形容詞の役割】 foundational（基礎となる）という強い形容詞が key を修飾。思考や計画よりも、まず「行動（Action）」がすべての土台であるという確信に満ちた第2文型（SVC）です。,-
65,"Geniuses are made, not born.",天才は生まれつきではない、作られるものだ。,Thomas Edison,アメリカの発明家。努力と試行錯誤の重要性を説いた。,【等位接続詞 for】 ここでの for は「というのは〜だからだ」という理由を補足する接続詞。嵐（storms）という困難を、技術（sail）を学ぶための絶好の機会と捉える前向きな理由付けがなされています。,-
66,Action is the foundational key to all success.,行動はすべての成功の基本となる鍵である。,Pablo Picasso,スペイン出身の画家。生涯で数万点に及ぶ作品を制作した。,【先行詞を含む he who】 he who は「〜する人は誰でも」という古風な表現。why（生きる理由）と how（生きる方法・困難）を名詞として使い、精神的な目的があれば手段の問題は克服できると説いています。,-
67,The journey of a thousand miles begins with one step.,千里の道も一歩から。,Lao Tzu（老子）,古代中国の哲学者。道教の創始者とされる。,【動名詞の補語】 「成功とは〜することだ」という SVC の形。from failure to failure（失敗から失敗へ）という過酷な移動を、enthusiasm（熱意）を失わずに続けることだと定義しています。,-
68,In the middle of difficulty lies opportunity.,困難の中にこそ、機会（チャンス）がある。,Albert Einstein,ドイツ生まれの理論物理学者。独自の視点で宇宙の真理を探求した。,【接尾辞 -less】 limit（制限）に -less（〜がない）がついた limitless（無限の）。思考の中の制限（limitations）を、想像力（imagination）によって打ち破るという劇的な変化を描いています。,-
69,Energy and persistence conquer all things.,エネルギーと忍耐が、すべてのものを征服する。,Benjamin Franklin,アメリカの政治家、外交官、物理学者。避雷針の発明でも知られる。,【第4文型を含む関係代名詞】 that節内の give success its flavor は「成功にその風味を与える」という give A B の形。失敗を成功という料理を引き立てる「調味料（condiment）」に例えています。,-
70,He who has a why to live for can bear almost any how.,生きる「理由」を持っている者は、ほとんどどんな「方法（困難）」にも耐えることができる。,Friedrich Nietzsche,ドイツの哲学者。『ツァラトゥストラはかく語りき』の著者。,【命令文 + and】 「信じなさい、そうすれば･･･」。at your feet（足元にある）という慣用表現を使い、自己信頼が世界を征服するほどの力を生むという結果を示しています。,-
71,It is not the mountain we conquer but ourselves.,私たちが征服するのは山ではなく、私たち自身だ。,Edmund Hillary,ニュージーランドの登山家。人類初のエベレスト登頂者の一人。,【助動詞 may】 may は「〜かもしれない」という可能性。大きな目標（moon）を狙えば、たとえ失敗してもそれなりの成果（star）が得られるという、高い志を推奨する比喩表現です。,-
72,"Never, never, never give up.",決して、決して、決して諦めるな。,Winston Churchill,イギリスの元首相。不屈の精神で数々の名言を残した。,【不定詞の副詞的用法】 give up A to go for B（Bを追求するためにAを諦める）。good（良いもの）に満足せず、great（偉大なもの）を目指すための決断を促す構造です。,-
73,The mind is everything. What you think you become.,心がすべてである。あなたは、自分が考えた通りの人間になる。,Buddha（ブッダ）,仏教の開祖。本名はゴータマ・シッダールタ。,【強調構文】 「It is [強調したい語句] that ...」。もっとも暗い時期（during our darkest moments）こそが、光を見るために集中すべき時であると、時期を強調しています。,-
74,Time is money.,時は金なり。,Benjamin Franklin,アメリカ建国の父の一人。勤勉さを重んじた。,【倒置】 本来 Opportunity lies in... という語順ですが、場所を表す句を文頭に置いて倒置させています。「まさに困難の真ん中に」という場所を強調し、発見の驚きを表現しています。,-
75,To love and be loved is to feel the sun from both sides.,愛し愛されることは、両側から太陽を浴びるようなものだ。,David Viscott,アメリカの精神科医、作家。,【関係代名詞の省略】 2つの person の後ろにそれぞれ関係代名詞が省略されています。「運命（destined）」で決まる自分ではなく、「決断（decide）」で決まる自分こそが本物であるという対比です。,-
76,"Love all, trust a few, do wrong to none.",すべての人を愛し、少しの人を信じ、誰にも悪を行うな。,William Shakespeare,イギリスの劇作家、詩人。英語文学において最も偉大な作家とされる。,【同等比較と副詞 further】 as far as...（見える限り遠くまで）。目的地に到達（get there）したとき、視界が広がりさらに遠く（further）が見えるようになるという、継続的な成長のプロセスを描いています。,-
77,An unexamined life is not worth living.,吟味されない人生は生きる価値がない。,Socrates,古代ギリシャの哲学者。西洋哲学の基礎を築いた一人。,【動詞 prepare の語法】 「prepare A for B（AにBの準備をさせる）」。ordinary（凡庸な）に接頭辞 extra-（超える）がついた extraordinary（非凡な）という対比が、苦難の価値を説明しています。,-
78,"I think, therefore I am.",我思う、故に我あり。,René Descartes,フランスの哲学者、数学者。近代哲学の父と呼ばれる。,【省略を伴う並列】 and 以降は Keep... が省略されています。高い理想（stars）を見つめつつも、現実（ground）にしっかり足を着けるという、理想と現実のバランスを説いています。,-
79,"You only live once, but if you do it right, once is enough.",人生は一度きり。でも、正しく生きれば一度で十分だ。,Mae West,アメリカの女優、劇作家、セックスシンボル。,【進行中の表現】 under construction（建設中）。成功への道は完成されたものではなく、常に改善と努力が必要な未完成のプロセスであることを工事現場に例えて表現しています。,-
80,Get busy living or get busy dying.,必死に生きるか、必死に死ぬかだ。,Stephen King,アメリカのモダンホラー小説家。『ショーシャンクの空に』の原作などで知られる。,【現在分詞の省略】 walk past（通り過ぎる）の目的語が先行詞の standard（基準）。見て見ぬふりをして通り過ぎることは、その低い基準を容認したことと同じであるという、厳しい自己規律を促す構造です。,-
81,Love is composed of a single soul inhabiting two bodies.,愛とは、二つの肉体に宿る一つの魂でできている。,Aristotle,古代ギリシャの哲学者。多岐にわたる学問を体系化した。,【不定詞の形容詞的用法】 to try（試みるという）が decision（決断）を修飾。どんな偉大な成果も、最初の一歩である「試してみるという決断」から始まるという因果関係を述べています。,-
82,"Without music, life would be a mistake.",音楽のない人生は、間違いだろう。,Friedrich Nietzsche,ドイツの哲学者。芸術や文化に対する深い洞察を持っていた。,【関係副詞の省略】 the way (how) you look...。視点（見方）を変えれば、対象（見ているもの）そのものが変わって見えるという、認識の変化が現実を変えることを示す論理的構造です。,-
83,A room without books is like a body without a soul.,本のない部屋は、魂のない肉体のようなものだ。,Marcus Tullius Cicero,古代ローマの政治家、哲学者、弁論家。,【名詞の対比】 障害（problems）を、停止（stop signs）ではなく指針（guidelines）と定義し直しています。否定と肯定を並べることで、問題解決へのポジティブな姿勢を強調しています。,-
84,We accept the love we think we deserve.,私たちは、自分にふさわしいと思う愛を受け入れる。,Stephen Chbosky,アメリカの小説家、映画監督。『ウォールフラワー』の著者。,【動名詞の補語と副詞節】 人格（Character）とは「正しいことをすること」であると定義。when節（誰も見ていない時）という条件を加えることで、人格の真価がどこにあるかを明確にしています。,-
85,Always forgive your enemies; nothing annoys them so much.,常に敵を許しなさい。それ以上に彼らを苛立たせるものはない。,Oscar Wilde,アイルランド出身の作家、劇作家。機知に富んだ名言を多く残した。,【前置詞 between】 目標（goals）と達成（accomplishment）の間に、規律（Discipline）という架け橋（bridge）を置く。2つの地点を繋ぐ必須の要素として規律を視覚的に表現しています。,-
86,Be the hero of your own story.,あなた自身の物語のヒーローになりなさい。,Joe Rogan,アメリカのコメディアン、ポッドキャスト司会者。,【名詞句の並置と倒置】 「いつか（One day）」と「初日（day one）」を並べ、究極の選択を迫っています。You decide（あなたが決めるのだ）という強い結びで、今すぐ始める重要性を強調しています。,-
87,Happiness is a warm puppy.,幸せとは、温かい子犬のこと。,Charles M. Schulz,アメリカの漫画家。『ピーナッツ』（スヌーピー）の作者。,【使役的な不定詞】 inspire A to do（Aが〜するよう刺激を与える）。自分の成果（accomplish）よりも、他者への影響（inspire）こそが成功の本質であるという価値観の転換を述べています。,-
88,Do one thing every day that scares you.,毎日ひとつ、自分が怖いと思うことをしなさい。,Eleanor Roosevelt,アメリカのファーストレディ、人権活動家。,【前置詞 over と動詞 lead to】 over time（時間をかけて）。毎日の小さな改善（improvements）が、やがて驚くべき結果（stunning results）に繋がる（lead to）という、複利的な成長の法則を説明しています。,-
89,Well done is better than well said.,立派に行うことは、立派に語ることよりも優れている。,Benjamin Franklin,アメリカの政治家、科学者。実用主義を重んじた。,"【The 比較級, the 比較級】 「〜すればするほど、ますます･･･」。練習（practice）という本人の努力量と、運（luckier）という外的な結果が、実は正比例の関係にあることを示す有名な構文です。",-
90,Success is walking from failure to failure with no loss of enthusiasm.,成功とは、熱意を失わずに失敗から失敗へと歩み続けることだ。,Winston Churchill,イギリスの元首相。第二次世界大戦を乗り切るための強いリーダーシップを発揮した。,【接続詞 until】 until は「〜するまでずっと」。ライバルが憧れの対象（idols）に変わるまで努力を続けろという、圧倒的な成長の基準を提示しています。,-
91,A friend is someone who knows all about you and still loves you.,友達とは、あなたのことをすべて知っていて、それでも愛してくれる人のことだ。,Elbert Hubbard,アメリカの作家、出版者。,【使役的な動詞】 「get A started（Aを始めさせる）」と「keep A going（Aを続けさせる）」。きっかけ（Motivation）と継続（Habit）の役割の違いを、動名詞の補語を使って論理的に対比させています。,-
92,Live as if you were to die tomorrow. Learn as if you were to live forever.,明日死ぬかのように生きよ。永遠に生きるかのように学べ。,Mahatma Gandhi,インドの独立運動指導者。生涯を通じて学び続けた。,【受動態の対比】 be pushed around（振り回される）と be led（導かれる）。頭の中の恐怖（マインド）に従うのではなく、心の中の夢（ハート）に従えという、主導権の転換を求めています。,-
93,No one can make you feel inferior without your consent.,あなたの同意なしに、誰もあなたに劣等感を抱かせることはできない。,Eleanor Roosevelt,アメリカのファーストレディ。女性の権利向上にも尽力した。,【他動詞の選択】 受動的な wait（待つ）を否定し、能動的な create（創り出す）を命令。機会（opportunity）は降ってくるものではなく、自ら作るものだという姿勢を強調しています。,-
94,"To err is human; to forgive, divine.",過ちを犯すのは人間であり、許すのは神の業である。,Alexander Pope,18世紀イギリスの詩人。,【比較級】 速度（speed）よりも方向（direction）が重要であるというSVC。どれだけ速く進んでも、方向が間違っていれば意味がないという優先順位を論理的に示しています。,-
95,Knowledge is power.,知識は力なり。,Francis Bacon,イギリスの哲学者、神学者。経験論の祖と呼ばれる。,【不定詞の名詞的用法】 鍵（key）＝ 集中すること（to focus）。視点を障害（obstacles）から目標（goals）へと意識的に向けるべきだというアドバイスです。,-
96,Sometimes the right path is not the easiest one.,正しい道が、最も簡単な道ではないこともある。,Pocahontas (Disney),ディズニー映画『ポカホンタス』より。自然を愛し、平和を願うキャラクター。,【不定詞の目的】 最高（the best）になるためには、最悪（the worst）に対処できなければならない。対照的な最上級を使い、成功の裏にある忍耐の必要性を説いています。,-
97,You are enough just as you are.,あなたは、今のままのあなたで十分だ。,Meghan Markle,アメリカの元女優、サセックス公爵夫人。,【前置詞 with】 感謝の心（a grateful heart）を持って一日を始める。状態を表す with 句を使い、一日のパフォーマンスが最初の心の持ちようで決まることを示唆しています。,-
98,Let it go.,ありのままで。（手放しなさい）,Elsa (Disney),ディズニー映画『アナと雪の女王』の主題歌より。,【so ... that 構文】 「非常に〜なので、その結果･･･」。今日をあまりにも素晴らしく（awesome）すれば、昨日が嫉妬（jealous）するほどになる。過去を常に超え続ける姿勢を擬人化で表現しています。,-
99,"I came, I saw, I conquered.",来た、見た、勝った。,Julius Caesar,古代ローマの政治家、軍人。,【関係代名詞 who】 勝者（winner）を「諦めない夢想家（dreamer）」と定義。関係代名詞節が勝者の本質を説明し、夢を持ち続けることの重要性を説いています。,-
100,Where there is love there is life.,愛のあるところに命がある。,Mahatma Gandhi,インドの独立運動指導者。愛と非暴力を説いた。,【使役動詞 let】 「let A B（AをBにさせる）」。今抱えている苦しみ（struggle）を自分自身の正体（identity）にしてはいけない。困難はあくまで一時的な状況であり、あなた自身ではないという強いメッセージです。,-
101,The only true wisdom is in knowing you know nothing.,唯一の真の知恵は、自分が何も知らないことを知ることだ（無知の知）。,Socrates,古代ギリシャの哲学者。西洋哲学の基礎を築いた一人。,【他動詞の能動性】 受動的な find（見つける）を否定し、能動的な make（作る）を提示。幸福は「偶然出会うもの」ではなく「自ら構築するもの」であるという対比を強調しています。,-
102,Happiness depends upon ourselves.,幸福は私たち自身にかかっている。,Aristotle,古代ギリシャの哲学者。多岐にわたる学問を体系化した。,【形式主語 It と idiom】 it's up to you で「それはあなた次第だ」という熟語。真の主語は後ろの to make... で、限られた人生をどう味付けするかは自分にかかっていると説いています。,-
103,"To live is the rarest thing in the world. Most people exist, that is all.",生きることは世界で最も稀なことだ。ほとんどの人はただ存在しているだけだ。,Oscar Wilde,アイルランド出身の詩人、作家、劇作家。,【比較級と代名詞】 「どんなに小さなプラス（anything）」でも「何もないマイナス（nothing）」より優れているという SVC。韻を踏んだようなリズムで、行動することの価値を述べています。,-
104,"The mind is its own place, and in itself can make a heaven of hell, a hell of heaven.",心はそれ自身の場所であり、それ自体で地獄を天国にも、天国を地獄にも変えることができる。,John Milton,イギリスの詩人。代表作に叙事詩『失楽園』がある。,【動名詞の補語】 afraid of の後の being different（違っていること）と being the same（同じであること）を対比。個性を失うことへの「正しい恐怖」を教えています。,-
105,What we achieve inwardly will change outer reality.,内面で達成したことは、外の現実を変える。,Plutarch,古代ローマの歴史家、伝記作家。『対比列伝』の著者。,【不定詞の副詞的用法】 「成功するためには（目的）」。unique（唯一無二の）という形容詞を補語に置くことで、他者の真似ではなく独自の道を進む重要性を断定しています。,-
106,"I walk slowly, but I never walk backward.",私は歩みは遅いが、決して後戻りはしない。,Abraham Lincoln,第16代アメリカ合衆国大統領。奴隷解放に尽力した。,【前置詞 on の焦点】 focus on（〜に集中する）。結果としての「目的地（destination）」よりも、過程としての「旅（journey）」にこそ価値があるという対比構造です。,-
107,"The greatest glory in living lies not in never falling, but in rising every time we fall.",生きる上での最大の栄光は、決して転ばないことではなく、転ぶたびに起き上がることにある。,Nelson Mandela,南アフリカ共和国の元大統領。反アパルトヘイト運動の闘士。,【that節と worth -ing】 「believe that...」で確信の内容を説明。「be worth -ing」は「〜する価値がある」という重要構文で、生の肯定を力強く表現しています。,-
108,"If you tell the truth, you don't have to remember anything.",真実を語れば、何も覚えておく必要はない。,Mark Twain,アメリカの作家。『トム・ソーヤの冒険』の著者。,【条件節 If】 思考（dream）と行動（do）を if で繋いでいます。想像できることはすべて実現の可能性があるという、シンプルながらも全能感のある構造です。,-
109,A goal is a dream with a deadline.,目標とは、締め切りのある夢のことだ。,Napoleon Hill,アメリカの著作家。成功哲学の提唱者であり『思考は現実化する』の著者。,【接続詞 as if と強調の does】 「まるで〜であるかのように振る舞え」。最後の It does. は It makes a difference. の繰り返しを避け、事実であることを強調する代動詞です。,-
110,He that can have patience can have what he will.,忍耐を持つことができる者は、望むものを手に入れることができる。,Benjamin Franklin,アメリカの政治家、科学者、著述家。,【as if の並列】 永遠の視点での「夢」と、今日限りの視点での「生」。相反する2つの仮定を並べることで、壮大な理想と切実な実行力を両立させるよう促しています。,-
111,"Good timber does not grow with ease: The stronger wind, the stronger trees.",良い木は容易には育たない。風が強ければ強いほど、木も強くなる。,J. Willard Marriott,マリオット・インターナショナルの創業者。,【動詞 depend upon】 upon は on をより強調した形。幸福という抽象的な状態が、外的な環境ではなく「私たち自身（ourselves）」という内的な要因に依存していることを示しています。,-
112,"If opportunity doesn't knock, build a door.",チャンスがノックしてこないなら、ドアを作れ。,Milton Berle,アメリカのコメディアン、俳優。「ミスター・テレビ」と呼ばれた。,【先行詞 those who】 those who は「〜な人々」。可能性（possible）の範囲を「信じる人（believe）」に限定することで、信念が限界を突破する鍵であることを述べています。,-
113,Nothing will work unless you do.,あなたが行動しない限り、何も機能しない。,Maya Angelou,アメリカの詩人、作家、公民権運動活動家。,【名詞句の定義】 叡智（Wisdom）＝ 報酬（reward）。聞き続ける（listening）という長年の積み重ねが結果として実を結ぶという、因果関係を美しく表現しています。,-
114,"Tough times never last, but tough people do.",困難な時代は続かないが、困難に強い人々は生き残る。,Robert H. Schuller,アメリカのキリスト教牧師、モチベーショナル・スピーカー。,【関係代名詞 that】 anything を先行詞にして、他人の評価を詳しく説明。mind（気にする）を否定することで、他者の言葉に振り回されない心の平穏を説いています。,-
115,"There are no secrets to success. It is the result of preparation, hard work, and learning from failure.",成功に秘密はない。それは準備、勤勉、そして失敗から学ぶことの結果である。,Colin Powell,アメリカの元国務長官。軍人としても最高位まで登り詰めた。,【過去形と前置詞 from】 come from（〜から生じる）。「偉大な成果（Great things）」の出処を明確にし、安住の地（comfort zones）から抜け出す必要性を歴史的事実のように述べています。,-
116,Simplicity is the ultimate sophistication.,シンプルさは究極の洗練である。,Leonardo da Vinci,イタリアのルネサンス期を代表する芸術家、科学者、発明家。,【究極の SVC】 補語に you（あなた自身）を置くことで、外に言い訳を探す余地を消しています。限界は環境ではなく、自分のマインドセットにあるという厳しい真理です。,-
117,"It is our choices, that show what we truly are, far more than our abilities.",私たちが本当にどんな人間かを示すのは、私たちの能力ではなく、私たちの選択である。,J.K. Rowling,イギリスの作家。世界的なベストセラー『ハリー・ポッター』シリーズの著者。,【関係副詞 where】 「隣の芝生は青い」という諺を逆手に取り、水をまく（努力する）場所こそが青くなるのだという、主体的な努力の重要性を比喩で表現しています。,-
118,The secret of getting ahead is getting started.,前進するための秘訣は、始めることだ。,Mark Twain,アメリカの作家。ユーモアと社会風刺に富んだ作品を残した。,【複合関係副詞 Wherever】 「どこへ行こうとも」。場所という外的な条件に関わらず、誠実さ（heart）という内的な態度を貫けという教えです。,-
119,Done is better than perfect.,完璧を目指すより、まずは終わらせろ。,Sheryl Sandberg,アメリカの実業家。Meta（旧Facebook）の元COO。,【主語と補語の入れ替え】 2つの文で A と B の役割を反転させています。成功が幸福を作るのではなく、幸福な状態で取り組むことが成功を呼ぶという逆説的な真理です。,-
120,Doubt kills more dreams than failure ever will.,疑いは、失敗よりも多くの夢を殺す。,Suzy Kassem,アメリカの作家、映画監督、詩人。,【形容詞 fresh】 過去に縛られず、今この瞬間（Every moment）が常に「新しい始まり」であると断定。絶え間ないリセットと再出発を肯定する構造です。,-
121,"You don't have to be great to start, but you have to start to be great.",偉大になるために始める必要はないが、偉大になるためには始めなければならない。,Zig Ziglar,アメリカの自己啓発作家、モチベーショナル・スピーカー。,【動詞 beat と when節】 努力（Hard work）が才能（talent）を打ち負かす条件を提示。才能があっても努力を怠れば、地道な努力に追い抜かれるという現実を論理的に説明しています。,-
122,"If you can dream it, you can do it.",夢見ることができれば、それは実現できる。,Walt Disney,アメリカのアニメーター、実業家。数々の夢の世界を形にした。,【比較級 better】 過去の自分や他人と同じ（same）であることを否定し、より良く（better）なることを追求する。短く力強いリズムでの対比です。,-
123,Everything you can imagine is real.,想像できるものはすべて現実である。,Pablo Picasso,スペイン出身の画家。20世紀最大の芸術家の一人。,【too ... to 構文と助動詞】 「〜するには遅すぎることはない」。「might have been」は「なれたかもしれない自分（過去の可能性）」。過去を悔やむより、今からその理想を目指せと説いています。,-
124,"Courage is resistance to fear, mastery of fear—not absence of fear.",勇気とは恐怖への抵抗であり、恐怖の克服である。恐怖の欠如ではない。,Mark Twain,アメリカの作家。人間の心理や本質を鋭く突く名言が多い。,【不定詞の目的】 大きく勝つ（win big）ための対価として、大きなリスク（big risks）を提示。成功とリスクの比例関係を、have to（〜しなければならない）で強調しています。,-
125,"Keep your eyes on the stars, and your feet on the ground.",目は星に向け、足は地につけておけ。,Theodore Roosevelt,第26代アメリカ合衆国大統領。行動力溢れるリーダーとして知られる。,【Not A but B と関係代名詞】 卓越性（Excellence）を「才能（gift）」ではなく「磨くべき技術（skill）」と再定義。関係代名詞節が、練習が必要であることを補足しています。,-
126,"The harder the conflict, the more glorious the triumph.",闘争が困難であるほど、勝利はより栄光に満ちたものになる。,Thomas Paine,イギリス出身の哲学者、政治活動家。『コモン・センス』の著者。,【言葉の入れ替え/倒置的対比】 challenges と limits の位置を入れ替えています。「挑戦を制限するな、限界に挑戦せよ」。語順を変えるだけで思考の転換を促す見事な表現です。,-
127,"By failing to prepare, you are preparing to fail.",準備を怠ることは、失敗する準備をしているのと同じだ。,Benjamin Franklin,アメリカ建国の父の一人。時間を無駄にしない生き方を説いた。,【自動詞と他動詞の対比】 発生する（happen）という受動的な現象を否定し、創り出す（create）という能動的な行為を肯定。主体の意思を強調しています。,-
128,"Don't count the days, make the days count.",日々を数えるな、日々を価値あるものにしろ。,Muhammad Ali,アメリカの元プロボクサー。カリスマ性で多くの人を魅了した。,【when節の対比】 感情的な理由（tired）での停止を戒め、論理的な完了（done）での停止を推奨。プロフェッショナルな完遂能力を求めています。,-
129,"What hurts you, blesses you. Darkness is your candle.",あなたを傷つけるものは、あなたを祝福する。暗闇はあなたのキャンドルだ。,Rumi,13世紀のペルシャの神秘主義詩人。,【並列構造と動詞 discuss】 知性のレベル（Great/Average/Small）によって、関心の対象（Ideas/Events/People）が変わることをセミコロンで対置。自分の思考の質を問う構造です。,-
130,A champion is defined not by their wins but by how they can recover when they fall.,チャンピオンは勝利によってではなく、倒れたときにどう立ち直るかによって定義される。,Serena Williams,アメリカの元プロテニス選手。女子テニス界の生ける伝説。,【使役動詞 make】 人生そのものがメッセージであるという定義に対し、それを inspiring（刺激を与える、感動的な）ものにせよという命令。存在そのものの影響力を説いています。,-
131,The secret of success is to do the common thing uncommonly well.,成功の秘訣は、当たり前のことを特別にうまくやることだ。,John D. Rockefeller Jr.,アメリカの資本家、実業家。巨大な富を慈善事業にも投じた。,【those who と how far節】 risk -ing は「〜するリスクを負う」。限界（too far）に挑む者だけが、本当の到達点（how far）を知ることができるという、挑戦の独占的価値を述べています。,-
132,Only in the darkness can you see the stars.,暗闇の中でこそ、星を見ることができる。,Martin Luther King Jr.,アメリカの公民権運動の指導者。非暴力抵抗運動を主導した。,【命令文 + or】 「〜しなさい、さもないと･･･」。自分の夢のために動かなければ、他人の夢の道具にされるという、人生の主導権に関する厳しい警告です。,-
133,Great things are done by a series of small things brought together.,偉大なことは、小さなことの積み重ねによって成し遂げられる。,Vincent van Gogh,オランダのポスト印象派の画家。情熱的な筆致で知られる。,【turn into】 「変化して〜になる」。方向（direction）さえ正しければ、どんなに小さな一歩（Small steps）も、人生最大の成果に化ける可能性があるという希望の構造です。,-
134,The only person you are destined to become is the person you decide to be.,あなたがなるように運命づけられている唯一の人は、あなたがなることを決断した人だ。,Ralph Waldo Emerson,アメリカの思想家、哲学者、詩人。個人主義を重んじた。,【第4文型と第3文型】 言葉で「伝える（tell）」のではなく、行動で「見せる（show）」。口先よりも実力と結果を重んじる姿勢を、短い命令文の対比で示しています。,-
135,Make each day your masterpiece.,毎日をあなたの最高傑作にせよ。,John Wooden,アメリカの伝説的なカレッジバスケットボールコーチ。,【数詞の対比】 「七転び八起き」。文法的には非常に簡潔ですが、転倒回数より起き上がる回数を1回多く設定することで、不屈の精神を象徴的に表現しています。,-
136,"No pressure, no diamonds.",プレッシャーがなければ、ダイヤモンドは生まれない。,Thomas Carlyle,イギリスの歴史家、思想家。,【比較級】 一時の完璧さ（perfection）よりも、継続すること（consistency）に価値を置く。学習においても重要な「習慣の力」を論理的に肯定しています。,-
137,A calm sea does not make a skilled sailor.,穏やかな海は、熟練の船乗りを育てない。,African Proverb,アフリカの伝統的なことわざ。,【使役動詞 let】 努力は「静寂（silence）」の中で行い、結果としての成功を「騒音（noise/証明）」にせよ。饒舌な計画よりも、無言の実行を尊ぶ構造です。,-
138,Success usually comes to those who are too busy to be looking for it.,成功はたいてい、それを探し求めるのに忙しすぎる人のもとにやってくる。,Henry David Thoreau,アメリカの作家、思想家、詩人。,【動名詞の保護】 成功の秘訣（secret）＝ 始めること（getting started）。複雑な戦略よりも、最初の一歩を踏み出すという単純な行為が最重要であることを強調しています。,-
139,I never dreamed about success. I worked for it.,私は成功を夢見たことはない。そのために働いたのだ。,Estée Lauder,アメリカの実業家。世界的化粧品ブランド「エスティ ローダー」の創設者。,【同格の that節】 proof（証拠）の内容を that 節が説明。「間違い（Mistakes）＝ 挑戦している証拠」と定義することで、失敗への恐怖を成長への自信に変える構造です。,-
140,"If you really look closely, most overnight successes took a long time.",よく見てみれば、一夜にしての成功のほとんどは長い時間がかかっている。,Steve Jobs,Appleの共同創業者。数多くのイノベーションを起こした。,【that節による修飾】 飛ぶ（fly）という目標のために、自分を重くさせているもの（weighs you down）を捨てろという条件。執着からの解放が飛躍の条件であることを説いています。,-
141,Don't let yesterday take up too much of today.,昨日に今日の時間を多く奪わせるな。,Will Rogers,アメリカのコメディアン、俳優、コラムニスト。,【他動詞の能動性】 機会を待つ（wait for）受動的な姿勢を否定し、自ら創り出す（create）能動性を推奨。コロン（:）により解決策を直結させています。,-
142,You learn more from failure than from success. Don't let it stop you. Failure builds character.,人は成功よりも失敗から多くを学ぶ。失敗を恐れるな。失敗が人格を築く。,Unknown,（詠み人知らず）,【what節の対比】 存在（You）を決定するのは、現在の行動（what you do）であり、将来の宣言（what you say）ではない。実効性を重視する厳しい SVC です。,-
143,Setting goals is the first step in turning the invisible into the visible.,目標を設定することは、目に見えないものを目に見えるものに変える最初のステップだ。,Tony Robbins,アメリカの自己啓発書作家、モチベーショナル・スピーカー。,【過去分詞による後置修飾】 成功 ＝ 合計（sum）。「日々繰り返される（repeated）」という過去分詞句が、努力の継続性を詳しく説明しています。,-
144,Opportunities don't happen. You create them.,機会は偶然起こるものではない。あなたが創り出すものだ。,Chris Grosser,アメリカの起業家。,【so ... (that) 構文】 that が省略されています。あまりにも優秀（good）になれば、周囲はあなたを無視（ignore）できなくなる。実力で状況をねじ伏せる力強さを表現しています。,-
145,"I find that the harder I work, the more luck I seem to have.",懸命に働けば働くほど、より多くの幸運を手にするように思う。,Thomas Jefferson,第3代アメリカ合衆国大統領。独立宣言の主な起草者。,【不定詞の形容詞的用法】 環境の改善（easy life）を願うのではなく、困難に耐えるための「強さ（strength to endure）」を求めよ。主体性を神聖な祈りの形で述べています。,-
146,The way to gain a good reputation is to endeavor to be what you desire to appear.,良い評判を得る方法は、自分がそう見られたいと思う人物になるよう努力することだ。,Socrates,古代ギリシャの哲学者。真の知を追い求めた。,【前置詞 at の場所】 「人生の始まり」という抽象的な出来事が、安住の地の「終わり（end）」という場所で起きる。変化を恐れる境界線こそがスタートラインであるという逆説です。,-
147,Work until your idols become your rivals.,憧れの人（アイドル）がライバルになるまで働き続けろ。,Drake,カナダ出身のラッパー、歌手、俳優。,【動名詞と現在完了/過去】 他者との比較（the best）ではなく、過去の自分（yesterday）との比較。成長の基準を自分自身の内側に置くべきだという論理的な提案です。,-
148,Do not wait to strike till the iron is hot; but make it hot by striking.,鉄が熱くなるまで打つのは待つな。打つことによって熱くせよ。,William Butler Yeats,アイルランドの詩人、劇作家。ノーベル文学賞受賞者。,【名詞の定義】 夢想家（Dreamers）＝ 救世主（saviors）。現実的な解決策を出す人よりも、まず理想を描く人が世界を変えるという、ビジョンの重要性を断定しています。,-
149,"Some people want it to happen, some wish it would happen, others make it happen.",何かが起こることを望む人もいれば、起こるように願う人もいれば、それを実現させる人もいる。,Michael Jordan,アメリカの元プロバスケットボール選手。圧倒的な実行力で数々の記録を打ち立てた。,【韻と対比】 能力（aptitude）よりも態度（attitude）が、到達する高さ（altitude）を決める。似た音の単語を並べることで、記憶に残りやすく、かつ本質的な教訓を伝えています。,-
150,Motivation is what gets you started. Habit is what keeps you going.,モチベーションは始めるためのきっかけであり、習慣はそれを継続させるものだ。,Jim Ryun,アメリカの元陸上競技選手、政治家。,【同等比較 not as ... as】 手に入る「物（what you get）」よりも、変化した「自分（what you become）」の方が重要だという比較。目標達成の真の価値は自己変革にあると説いています。,-
151,"To succeed in your mission, you must have single-minded devotion to your goal.",使命で成功するには、目標に対するひたむきな献身を持たなければならない。,A. P. J. Abdul Kalam,第11代インド大統領、航空宇宙技術者。,【名詞の定義】 幸福を「結果（result）」という受動的なものから、「選択（choice）」という能動的なものへ再定義しています。主語＝補語のシンプルな第2文型（SVC）が、強い意志を感じさせます。,-
152,You can't cross the sea merely by standing and staring at the water.,海をただ見つめて立っているだけでは、海を渡ることはできない。,Rabindranath Tagore,インドの詩人、思想家。アジア初のノーベル賞受賞者。,【使役動詞 let と句動詞】 「let A B（AにBさせる）」。take up は「（時間や場所を）占領する」。過去（yesterday）が現在（today）を支配することを許すなという、擬人化を用いた時間の哲学です。,-
153,"Failure is simply the opportunity to begin again, this time more intelligently.",失敗とは、より賢くやり直すための良い機会に過ぎない。,Henry Ford,フォード・モーターの創設者。,【基本の第3文型】 非常に短い文ですが、主語を Great things（複数形）にすることで、あらゆる価値あるものに共通する「普遍的な真理」であることを示しています。,-
154,The past cannot be changed. The future is yet in your power.,過去は変えられない。未来はまだあなたの力の中にある。,Unknown,（詠み人知らず）,【挿入句と受動態】 when以下が挿入されており「数百万の人によって掛け合わされる（増幅される）と」という条件を補足。小さな行動（Small acts）が世界を変える「巨大な力」に変わる過程を論理的に説明しています。,-
155,What comes easy won't last. What lasts won't come easy.,簡単に手に入るものは長く続かない。長く続くものは簡単には手に入らない。,Unknown,（詠み人知らず）,【現在進行形の対比】 進行形を使うことで「今、挑戦しているかどうか」というライブ感を強調。失敗することと、何かを生み出すことは「同時並行」で起きる不可分なものであると説いています。,-
156,"If you're going through hell, keep going.",もし地獄を通り抜けているのなら、そのまま進み続けなさい。,Winston Churchill,イギリスの元首相。逆境においても決して希望を捨てなかった。,【比較級 better】 「今よりも良い日」が主語。are coming と進行形にすることで、幸運がこちらに向かって一歩ずつ近づいているという「確かな予感」を表現しています。,-
157,The expert in anything was once a beginner.,どんな分野の専門家も、かつては初心者だった。,Helen Hayes,アメリカの女優。演劇界の「ファーストレディ」と呼ばれた。,【関係代名詞 what と busy -ing】 「be busy -ing（〜するのに忙しい）」。人生とは、自分が計画したことではなく、予期せぬ瞬間に起きる「生きた出来事」の連続であるという逆説を what 節で表現しています。,-
158,Don't stop when you're tired. Stop when you're done.,疲れた時に休むな。終わった時に休め。,David Goggins,アメリカの元海軍特殊部隊員、ウルトラマラソン選手。,【不変の定義】 変化（Change）＝ 法（law）。変化を「避けられない自然の決まり」と定義することで、それを受け入れ、適応することの正当性を短い SVC で述べています。,-
159,A year from now you may wish you had started today.,1年後、あなたは「今日始めていればよかった」と思うかもしれない。,Karen Lamb,オーストラリアの作家。,【前置詞 with の起点】 「千里の道も一歩から」。a thousand miles（壮大な目標）と a single step（最小の行動）を対比させ、どんな偉大なことも「今、ここ」から始まることを示しています。,-
160,"We are what we repeatedly do. Excellence, then, is not an act, but a habit.",私たちは、繰り返し行っていることの産物である。ゆえに、卓越性とは行為ではなく習慣である。,Will Durant (often attributed to Aristotle),アメリカの歴史学者、哲学者。（アリストテレスの思想を要約した言葉）,【使役的用法】 前半の wait for（待つ）を否定し、後半の make it perfect（それを完璧にする）で能動性を強調。「完璧な時は来るものではなく、自ら作るものだ」という価値観の転換です。,-
161,Continuous effort - not strength or intelligence - is the key to unlocking our potential.,力や知性ではなく、継続的な努力こそが私たちの可能性を解き放つ鍵である。,Winston Churchill,イギリスの元首相。持ち前の忍耐力で国を導いた。,【不定詞の目的】 失敗を「方向転換（change in direction）」とポジティブに定義。to set... は「あなたを次へと正しく導くための（目的）」であり、失敗が成功の準備段階であることを論理的に説明しています。,-
162,Dreams don't work unless you do.,あなたが働かない限り、夢は働かない。,John C. Maxwell,アメリカのリーダーシップ専門家、作家。,【最上級と不定詞の並列】 方法（way）を修飾する to predict と、結論を述べる to create。未来を「当てる」のではなく「作る」という能動的な姿勢が、語順の対比で強調されています。,-
163,"It's not whether you get knocked down, it's whether you get up.",打ちのめされたかどうかではなく、立ち上がったかどうかが重要だ。,Vince Lombardi,アメリカのアメリカンフットボールの伝説的なコーチ。,【動名詞の補語と what 節】 「成功は欲しいものを得ること」「幸福は得たものを欲しがること（愛すること）」。動詞の get と want を入れ替えることで、外的な成果と内的な満足の違いを鮮やかに表現しています。,-
164,Don't watch the clock; do what it does. Keep going.,時計を見るな。時計と同じように、止まらずに進み続けろ。,Sam Levenson,アメリカのユーモア作家、教師。,【不定詞の目的】 odd（奇妙な、個性的）であることが、number one になるための必須条件（have to）であると説いています。平凡（even）からの脱却を促す言葉遊びです。,-
165,Every moment is a fresh beginning.,すべての瞬間が新しい始まりである。,T.S. Eliot,イギリスの詩人、劇作家。ノーベル文学賞を受賞した。,【命令文的な if と所有代名詞】 theirs は their dreams のこと。自分の夢のために動かなければ、他人の夢（の実現）のために使われることになるという、人生の主導権に関する警告です。,-
166,"Choose a job you love, and you will never have to work a day in your life.",愛する仕事を選びなさい。そうすれば生涯一日も働く必要はない。,Confucius（孔子）,古代中国の思想家、哲学者。儒教の始祖。,【what節と make A B】 困難（Challenges）と克服（overcoming）を主語に配置。それぞれが人生を「面白く（interesting）」し、「意味あるもの（meaningful）」にするという、使役の構造を重ねています。,-
167,Either you run the day or the day runs you.,あなたが一日を支配するか、一日があなたを支配するかのどちらかだ。,Jim Rohn,アメリカの起業家、自己啓発作家。,【前置詞 between と how 節】 つまずきの石（stumbling block）と、踏み台（stepping stone）。同じ物体でも、使い手（how you use）次第で邪魔ものにも武器にもなるという、認識の重要性を説いています。,-
168,I attribute my success to this: I never gave or took any excuse.,私の成功の理由はこれだ。言い訳を一度もしたことがなく、決して受け入れなかったこと。,Florence Nightingale,イギリスの看護師。「近代看護教育の母」と呼ばれる。,【使役動詞 let】 他人の評価（opinion）が、自分自身の現実（reality）になってしまう（become）のを許してはいけない。境界線を引くことの大切さを let を使って表現しています。,-
169,Everything you need is already inside you.,あなたに必要なものはすべて、すでにあなたの中にある。,Bill Bowerman,ナイキ（Nike）の共同創業者、陸上コーチ。,【動名詞の対比】 自分を「探す（finding）」という発見の旅から、「創り上げる（creating）」という構築の旅へ。人生の目的は、自らの中にあるのではなく、これからの行動で作るものだと教えています。,-
170,The best preparation for tomorrow is doing your best today.,明日のための最良の準備は、今日最善を尽くすことだ。,H. Jackson Brown Jr.,アメリカの作家。人生の教訓をまとめた本で知られる。,【関係代名詞の省略】 shots と you の間には that/which が省略されています。打たなかった（takeしなかった）シュートは成功率0であるという論理で、行動しないことのリスクを説いています。,-
171,"Put your heart, mind, and soul into even your smallest acts.",あなたの心、精神、魂を、どんなに小さな行いにも注ぎ込みなさい。,Swami Sivananda,インドのヨガ指導者、精神的指導者。,【接続詞 as if】 「まるで〜であるかのように」。永遠に続くかのような壮大な夢と、今日で終わるかのような切実な行動。2つの相反する仮定を並べることで、生の質を高めるよう促しています。,-
172,"My mission in life is not merely to survive, but to thrive.",私の人生の使命は、ただ生き残ることではなく、力強く成長し成功することだ。,Maya Angelou,アメリカの詩人、作家、公民権運動活動家。,【関係代名詞の省略】 「運命（destined）」で決まる自分ではなく、「決断（decide）」で決まる自分こそが本物であるという対比。未来の自己像は現在の意思で決まるという強いメッセージです。,-
173,"No act of kindness, no matter how small, is ever wasted.",どんなに小さな親切も、決して無駄にはならない。,Aesop,古代ギリシャの寓話作家。『イソップ物語』で知られる。,【動詞 prepare A for B】 ordinary（凡庸な）に extra-（超える）をつけた extraordinary（非凡な）の対比が秀逸。苦難は、あなたをより高いステージへ上げるための「準備（prepare）」であると述べています。,-
174,The only journey is the one within.,唯一の旅とは、自分の内なる旅である。,Rainer Maria Rilke,オーストリアの詩人、作家。,【不定詞の目的】 自分自身を制御するには「頭（理性）」を、他人を動かすには「心（共感）」を使え。セミコロン（;）を用いた対照的な並列構造です。,-
175,The root of suffering is attachment.,苦しみの根源は執着である。,Buddha（ブッダ）,仏教の開祖。本名はゴータマ・シッダールタ。,【前置詞 under】 勇気とは、単なる強さではなく、圧力を受けている（under pressure）時でも保たれる「優雅さ（grace）」である。極限状態での態度の美しさを定義しています。,-
176,"Where words fail, music speaks.",言葉が通じないとき、音楽が語りかける。,Hans Christian Andersen,デンマークの童話作家。『マッチ売りの少女』などを執筆した。,【強調構文】 It is A that ...（･･･なのはAだ）。最も重要（count）なのは、成功や失敗といった結果ではなく、続けるという「勇気」そのものであると強調しています。,-
177,"We do not remember days, we remember moments.",私たちは日々を覚えているのではなく、瞬間を覚えているのだ。,Cesare Pavese,イタリアの詩人、小説家、翻訳家。,【使役的動詞】 始めるきっかけ（gets you started）と、継続させる力（keeps you going）。成功に必要な2つの要素を、動詞の働きの違いで論理的に説明しています。,-
178,"If you want to live a happy life, tie it to a goal, not to people or things.",幸せな人生を送りたいなら、人や物ではなく、目標に結びつけなさい。,Albert Einstein,ドイツ生まれの理論物理学者。独自の視点で宇宙の真理を探求した。,【倒置構文】 本来 Opportunity lies in...。場所を表す句を文頭に出すことで、「まさに困難の真っ只中に！」という発見の驚きと強調を表現しています。,-
179,In three words I can sum up everything I've learned about life: it goes on.,私が人生について学んだすべてを3語で要約できる。「それは続く（it goes on）」と。,Robert Frost,アメリカの詩人。自然をテーマにした作品でピューリッツァー賞を4度受賞。,【進行中の表現】 under construction（建設中）。成功への道は完成されたものではなく、常にメンテナンスや改善が必要な「未完成のプロセス」であることを例えています。,-
180,A smile is the universal welcome.,笑顔は、世界共通の歓迎のサインである。,Max Eastman,アメリカの著述家、詩人、社会活動家。,【現在完了と前置詞句】 「これまでずっと欲しかったもの」。恐怖（fear）の「向こう側（other side）」という場所を示すことで、一歩踏み出すことの価値を視覚的に伝えています。,-
181,The most wasted of all days is one without laughter.,すべての日の中で最も無駄な日は、笑いのない日である。,E.E. Cummings,アメリカの詩人。独特の文法と型破りなスタイルで知られる。,【同格の that 節】 proof（証拠）の内容を that 節が補足。間違い（Mistakes）を「失敗」ではなく「挑戦（trying）の証拠」と定義し直し、前向きな捉え方を促しています。,-
182,"Happiness is not by chance, but by choice.",幸せは偶然ではなく、選択によって得られる。,Jim Rohn,アメリカの起業家、自己啓発作家。,【比較級】 速度（speed）よりも方向（direction）を重視。どれほど速く進んでいても、方向が間違っていれば意味がないという優先順位を論理的に示しています。,-
183,Sometimes the questions are complicated and the answers are simple.,時に、質問は複雑だが、答えはシンプルである。,Dr. Seuss,アメリカの絵本作家。『ハットしてキャット』などで世界的な人気を誇る。,【命令文 + or】 「〜しなさい、さもないと･･･」。自分の夢を持って動かなければ、他人の夢のために時間を使う（hireされる）人生になると警告しています。,-
184,A goal without a plan is just a wish.,計画のない目標は、ただの願い事にすぎない。,Antoine de Saint-Exupéry,フランスの作家、操縦士。『星の王子さま』の著者。,【比較級】 完璧さ（perfection）よりも継続（consistency）の価値を上に置いています。一時の高い質より、長く続けることの強さを説く構造です。,-
185,The true sign of intelligence is not knowledge but imagination.,知性の真の証とは、知識ではなく想像力である。,Albert Einstein,ドイツ生まれの理論物理学者。20世紀最大の物理学者。,【動名詞の補語】 成功 ＝ 失敗から失敗へ歩き続けること。with no loss of...（〜を失うことなく）という条件を付け、精神的なタフさが成功の条件であることを述べています。,-
186,"Be kind, for everyone you meet is fighting a hard battle.",親切にしなさい。あなたが出会うすべての人は、困難な戦いをしているのだから。,Plato（プラトン）,古代ギリシャの哲学者。ソクラテスの弟子であり、アリストテレスの師。,【助動詞 can と turn into】 可能性（can）。方向さえ正しければ、どんなに小さな一歩も「最大の一歩」へと変化（turn into）しうるという、複利の力を表現しています。,-
187,Try to be a rainbow in someone's cloud.,誰かの雲の中に架かる虹になりなさい。,Maya Angelou,アメリカの詩人。多くの人々に希望と勇気を与えた。,【使役動詞 let】 努力は「静寂（silence）」の中で行い、成功を「騒音（noise＝証拠）」にせよ。言葉でのアピールよりも、結果で証明せよという力強い命令です。,-
188,There is no charm equal to tenderness of heart.,心の優しさに匹敵する魅力はない。,Jane Austen,イギリスの小説家。『高慢と偏見』などで知られる。,【不定詞の名詞的用法】 鍵 ＝ 集中すること。視点を障害（obstacles）から目標（goals）へと意識的に切り替えるべきだというアドバイスです。,-
189,"I have found that if you love life, life will love you back.",もしあなたが人生を愛せば、人生もあなたを愛し返してくれることに私は気づいた。,Arthur Rubinstein,ポーランド出身のピアニスト。20世紀を代表する巨匠の一人。,【同等比較 not as ... as】 手に入る「物（what you get）」よりも、変化した「自分（what you become）」に価値がある。自己変革こそが目標達成の真髄であると説いています。,-
190,"Life is really simple, but we insist on making it complicated.",人生は本当にシンプルだが、私たちはそれを複雑にしようと言い張る。,Confucius（孔子）,古代中国の思想家、哲学者。儒教の始祖。,【関係代名詞】 世界に見たいと願う（wish to see）「変化（change）」に、自分自身がなりなさい。他人に求める前に自分がまず行動せよという、自己改革を促す構造です。,-
191,Love is a serious mental disease.,愛とは、深刻な精神の病である。,Plato（プラトン）,古代ギリシャの哲学者。西洋哲学の基礎を築いた。,【動名詞と when 節】 人格（Character）とは、監視（nobody looking）がなくても「正しいことをすること」であると定義。誠実さの真価を簡潔に述べています。,-
192,The best way out is always through.,最良の脱出方法は、常に「通り抜ける」ことだ。,Robert Frost,アメリカの詩人。困難に直面した際の心構えを説いた。,【前置詞 with】 感謝（grateful）を伴って一日を始める。一日の質は、技術や環境ではなく、最初の「心の持ちよう」で決まるという因果関係を示唆しています。,-
193,"Success is not how high you have climbed, but how you make a positive difference to the world.",成功とはどれだけ高く登ったかではなく、世界にどれだけプラスの変化をもたらしたかだ。,Roy T. Bennett,アメリカの作家。『The Light in the Heart』の著者。,【動名詞と過去との比較】 他者との競い合い（the best）ではなく、昨日の自分（yesterday）との比較。成長の基準を「自分自身」の中に置くことを提案しています。,-
194,A problem is a chance for you to do your best.,問題とは、あなたが最善を尽くすためのチャンスである。,Duke Ellington,アメリカのジャズのピアニスト、作曲家。,【名詞句の対比】 「いつか（One day）」と「今日を初日にする（day one）」。語順を入れ替えることで、決断一つで未来が変わることを表現し、選択を委ねています。,-
195,You must do the things you think you cannot do.,あなたは、自分にはできないと思うことをやらなければならない。,Eleanor Roosevelt,アメリカのファーストレディ、人権活動家。,【命令文 + and】 「信じなさい、そうすれば･･･」。at your feet（足元にある）という慣用表現を使い、自己信頼があれば世界を意のままにできるという結果を示しています。,-
196,"Whatever the mind of man can conceive and believe, it can achieve.",人の心が思い描き、信じることができるものはすべて、達成することができる。,Napoleon Hill,アメリカの成功哲学者。『思考は現実化する』の著者。,【前置詞 between】 目標（goals）と達成（accomplishment）の間に、架け橋としての「規律（Discipline）」を置く。2点を繋ぐ唯一の手段を視覚的に表現しています。,-
197,It’s not the years in your life that count. It’s the life in your years.,重要なのは生きた年数ではなく、その年数の中でどれだけ充実して生きたかだ。,Abraham Lincoln,第16代アメリカ合衆国大統領。アメリカの分裂を防いだ。,【so ... that 構文】 今日をあまりに素晴らしく（awesome）すれば、昨日が嫉妬（jealous）するほどになる。過去の自分を常に超え続ける姿勢を擬人化で表現しています。,-
198,"You can’t use up creativity. The more you use, the more you have.",創造性を使い果たすことはできない。使えば使うほど、より多くを得るのだ。,Maya Angelou,アメリカの詩人、作家、女優。,【不屈の数詞対比】 七回倒れても八回起きる。文法的には極めて簡潔ですが、起き上がる回数を一回多くすることで、「最後には必ず勝つ」という決意を象徴しています。,-
199,I destroy my enemies when I make them my friends.,私は敵を友にすることで、敵を滅ぼすのだ。,Abraham Lincoln,第16代アメリカ合衆国大統領。寛容な精神で国をまとめた。,【韻による対比】 才能（aptitude）より態度（attitude）が、到達高度（altitude）を決める。似た響きの単語を使い、成功の本質が心構えにあることを印象付けています。,-
200,A winner is a dreamer who never gives up.,勝者とは、決して諦めない夢想家のことだ。,Nelson Mandela,南アフリカ共和国の元大統領。アパルトヘイト撤廃の英雄。,【使役動詞 let】 苦闘（struggle）を、自分の「正体（identity）」にしてはいけない。困難はあくまでプロセスであり、存在そのものではないという境界線を引いています。,-
201,I failed my way to success.,私は失敗を重ねて成功への道を歩んだ。,Thomas Edison,アメリカの発明家。試行錯誤を何より重んじた。,【自動詞の拡張】 fail my way to ... で「失敗しながら（失敗という道を通って）〜にたどり着く」というニュアンス。結果としての成功ではなく、過程としての失敗を肯定する構造です。,-
202,Only I can change my life. No one can do it for me.,自分の人生を変えられるのは自分だけだ。誰も私の代わりにはやってくれない。,Carol Burnett,アメリカの女優、コメディアン。,【代名詞による対比】 Only I（自分だけ）と No one（誰も〜ない）。助動詞 can を繰り返すことで、自分の人生の主導権が自分にしかないことを論理的に強調しています。,-
203,"Quality is not an act, it is a habit.",品質とは行為ではなく、習慣である。,Aristotle,古代ギリシャの哲学者。アテナイに学園リュケイオンを開設した。,【否定と肯定の並列】 品質（Quality）を「一時的な行為（act）」ではなく「継続的な習慣（habit）」と再定義。短い SVC 構文が、その本質を力強く断定しています。,-
204,"To accomplish great things, we must not only act, but also dream; not only plan, but also believe.",偉大なことを成し遂げるには、行動するだけでなく夢を見なければならない。計画するだけでなく信じなければならない。,Anatole France,フランスの詩人、小説家。ノーベル文学賞受賞者。,"【Not only A but also B】 この構文を2回重ねることで、外的な行動（act, plan）と内的な精神（dream, believe）の両立が不可欠であることをリズム良く表現しています。",-
205,I will go anywhere as long as it is forward.,前に進むのであれば、私はどこへでも行く。,David Livingstone,スコットランドの探検家、宣教師。アフリカ大陸を広く探検した。,【条件の接続詞 as long as】 「〜である限りは」。場所（anywhere）を問わず、方向（forward）さえ正しければ進み続けるという、強い意志を will で表現しています。,-
206,Do not let what you cannot do interfere with what you can do.,できないことのせいで、できることまで妨げられてはならない。,John Wooden,アメリカの伝説的なカレッジバスケットボールコーチ。,【使役動詞 let と what 節】 「let A B（AにBさせる）」。できないこと（what you cannot do）が、できること（what you can do）を邪魔するのを許すな、という高度な対比構造です。,-
207,Defeat is not bitter unless you swallow it.,敗北は、それを飲み込まない限り苦くはない。,Joe Clark,アメリカの教育者。映画『リーン・オン・ミー』のモデルとなった校長。,【接続詞 unless】 「〜しない限りは」。敗北（Defeat）という事象そのものではなく、それを「飲み込む（受け入れて屈する）」という自分の態度が苦しさを決めるという論理です。,-
208,Fall seven times and stand up eight.,七転び八起き。,Japanese Proverb,日本のことわざ。何度失敗しても立ち上がる不屈の精神を表す。,【数詞による対比】 文法はシンプルですが、転倒回数より起き上がる回数を1回多くすることで、「最後は立ち上がって終わる」という不屈の精神を象徴的に示しています。,-
209,"He who has health, has hope; and he who has hope, has everything.",健康な者には希望がある。そして希望がある者は、すべてを持っている。,Thomas Carlyle,イギリスの歴史家、思想家、評論家。,"【先行詞を含む he who】 「〜する人は」。健康 → 希望 → すべて、と A=B, B=C のように繋げていくことで、健康がすべての土台であることを論理的に説明しています。",-
210,"Even if I knew that tomorrow the world would go to pieces, I would still plant my apple tree.",たとえ明日世界が粉々になると知っていても、私は今日リンゴの木を植える。,Martin Luther,ドイツの神学者。宗教改革の中心人物。,【仮定法過去】 「たとえ（実際には起きないが）明日世界が滅びると分かっていても」。would を使うことで、状況に左右されない人間の高潔な決意を表現しています。,-
211,Every day may not be good... but there's something good in every day.,毎日が良い日とは限らない。しかし、毎日の中に何か良いことがある。,Alice Morse Earle,アメリカの歴史家、著述家。,【部分否定 may not】 「毎日が良いわけではない（良い日もあれば悪い日もある）」。後半の there is 構文で視点を変え、どんな日の中にも「良さ（something good）」を見出す姿勢を説いています。,-
212,The greatest wealth is health.,最大の富は健康である。,Virgil,古代ローマの詩人。『アエネーイス』の作者。,【最上級による定義】 最も偉大な富（The greatest wealth）＝ 健康。シンプルながらも、価値観の優先順位を明確に打ち出す SVC 構文です。,-
213,Never let the fear of striking out keep you from playing the game.,三振を恐れて、ゲーム（試合）に参加することをやめてはならない。,Babe Ruth,アメリカの元プロ野球選手。野球界の歴史に残るホームラン王。,【keep A from -ing】 「Aが〜するのを妨げる」。恐怖（fear）によって挑戦（playing the game）を止められてはいけない。使役動詞 let の否定で、強い禁止と励ましを表現しています。,-
214,You must expect great things of yourself before you can do them.,何かを成し遂げる前に、まずは自分自身に偉大なことを期待しなければならない。,Michael Jordan,アメリカの元プロバスケットボール選手。圧倒的な自信で勝利を掴んだ。,【助動詞 must と語法】 「expect A of B（BにAを期待する）」。行動（do them）の前に、まず自己への期待（expect）が必要であるという、内面から外への因果関係を示しています。,-
215,"Focus on the journey, not the destination.",目的地ではなく、旅（プロセス）そのものに集中しなさい。,Greg Anderson,アメリカの作家、ウェルネスの専門家。,【前置詞 on の焦点】 結果（destination）という一点ではなく、過程（journey）という広がりに意識を向けろという対比。on のイメージが「集中」を際立たせています。,-
216,There are two ways of spreading light: to be the candle or the mirror that reflects it.,光を広めるには2つの方法がある。自らがロウソクになるか、光を反射する鏡になるかだ。,Edith Wharton,アメリカの小説家。女性として初めてピューリッツァー賞を受賞。,【関係代名詞 that】 光を広める2つの手段を不定詞（to be）で説明。能動的なロウソクと、受動的だが忠実な鏡。that節が鏡の役割を詳しく補足しています。,-
217,"Life changes very quickly, in a very positive way, if you let it.",人生は、あなたがそうさせてあげれば、非常に前向きな方向に、とても早く変わっていく。,Lindsey Vonn,アメリカの元アルペンスキー選手。オリンピック金メダリスト。,【使役動詞の代動詞 let it】 let it (change) の略。「もしあなたが人生が（変わるのを）許せば」。自分の心が許可を与えれば、人生の変化は加速するという条件を if で示しています。,-
218,You are never too old to set another goal or to dream a new dream.,新しい目標を設定したり、新しい夢を見るのに、年をとりすぎているということはない。,C.S. Lewis,イギリスの学者、小説家。『ナルニア国物語』の作者。,【too ... to 構文】 「〜するにはあまりに･･･すぎる（＝できない）」の否定。「年をとりすぎていてできない、なんてことは決してない（never）」という強い二重否定的な励ましです。,-
219,"I don't need it to be easy, I need it to be worth it.",簡単である必要はない。価値あるものであってほしいのだ。,Lil Wayne,アメリカのラッパー、音楽プロデューサー。,【第5文型 want A to be B】 A（状況）が B（簡単）であることを求めるのではなく、B（価値がある）であることを求める。困難さを引き受ける覚悟を対比で表現しています。,-
220,Find out who you are and do it on purpose.,自分が何者かを見つけ、それを意図的に実行しなさい。,Dolly Parton,アメリカのシンガーソングライター、女優。,【間接疑問文 who you are】 「自分が誰であるか」を突き止める（Find out）。その上で、意図的に（on purpose）その個性を生きろという、自己実現へのステップを命令文で示しています。,-
221,Always turn a negative situation into a positive situation.,常に、否定的な状況を肯定的な状況に変えなさい。,Michael Jordan,アメリカの元プロバスケットボール選手。ピンチをチャンスに変えるメンタルを持っていた。,【動詞 turn の語法】 「turn A into B（AをBに変える）」。状況（situation）の形容詞を negative から positive へと反転させることで、捉え方の転換を促しています。,-
222,Limit your 'always' and your 'nevers'.,あなたの「いつも」と「絶対に〜ない」を制限しなさい。（決めつけをなくしなさい）,Amy Poehler,アメリカの女優、コメディアン。,【名詞としての副詞】 本来副詞である always（いつも）や never（決して〜ない）を名詞として扱い、決めつけや極端な思考を「制限（Limit）」せよと説く、ユニークな表現です。,-
223,If you have good thoughts they will shine out of your face like sunbeams.,良い考えを持っていれば、それは太陽の光のようにあなたの顔から輝き出る。,Roald Dahl,イギリスの小説家。『チャーリーとチョコレート工場』の原作者。,【直喩 like】 良い考え（good thoughts）が顔から「輝き出る（shine out）」という内面の反映を、太陽光（sunbeams）に例えて視覚的に表現しています。,-
224,Happiness is not a goal...it's a by-product of a life well lived.,幸福は目標ではない。よく生きた人生の副産物である。,Eleanor Roosevelt,アメリカのファーストレディ、国連人権委員会の初代委員長。,【過去分詞の後置修飾】 lived well（良く生きられた）という過去分詞が life を修飾。幸福は追いかける「目標」ではなく、正しい生き方の「副産物（by-product）」であるという真理です。,-
225,No one is useless in this world who lightens the burdens of another.,他人の重荷を軽くしてあげる人は、この世で決して無用ではない。,Charles Dickens,イギリスの小説家。『クリスマス・キャロル』や『オリバー・ツイスト』の著者。,【関係代名詞の先行詞との離反】 who 節が修飾しているのは文頭の No one です。他人の重荷を軽くする（lightens the burdens）行為が、存在の価値を決定するという構造です。,-
226,There is no path to happiness: happiness is the path.,幸福への道はない。幸福こそが道なのだ。,Buddha（ブッダ）,仏教の開祖。本名はゴータマ・シッダールタ。,【名詞の再定義】 幸福へたどり着くための「道（path）」を否定し、幸福を感じながら歩むこと自体が「道」であると定義。コロン（:）による劇的な反転です。,-
227,Be kind whenever possible. It is always possible.,可能な限り親切にしなさい。そしてそれは、常に可能である。,Dalai Lama,チベット仏教の最高指導者。非暴力と慈悲を説く。,【複合関係副詞 whenever】 「可能なときはいつでも」。後半の It は kind でいることを指し、親切にするチャンスは逃せばないのではなく、常に自分の意志で創れることを示しています。,-
228,"It is not what happens to you, but how you react to it that matters.",重要なのは何が起こるかではなく、それにどう反応するかだ。,Epictetus,古代ローマのストア派の哲学者。奴隷出身から哲学者となった。,【強調構文と Not A but B】 「It is A that ...」の形。重要なのは起きたこと（what happens）ではなく、どう反応するか（how you react）であると、手段と態度を強調しています。,-
229,To win without risk is to triumph without glory.,リスクなしに勝つことは、栄光なしに勝利することだ。,Pierre Corneille,フランスの劇作家。フランス古典主義悲劇の確立者。,【不定詞の名詞的用法】 勝つこと（To win）＝ 勝利すること（to triumph）。リスクを排除することは、同時に栄光（glory）も排除することになるという、表裏一体の関係を述べています。,-
230,"The brave man is not he who does not feel afraid, but he who conquers that fear.",勇敢な人とは、恐怖を感じない人ではなく、その恐怖を克服する人のことだ。,Nelson Mandela,南アフリカ共和国の元大統領。アパルトヘイト撤廃に尽力した。,【関係代名詞 he who】 勇敢さの定義を「恐怖を感じない（does not feel）」から「克服する（conquers）」へと上書きしています。感情ではなく行動が勇気を決めるという教えです。,-
231,Only the educated are free.,教育を受けた者だけが自由である。,Epictetus,古代ローマのストア派の哲学者。自律と精神の自由を重んじた。,【形容詞の名詞化 the + 形容詞】 the educated で「教育を受けた人々」。自由（free）は特権ではなく、教育によって得られる精神の状態であるという断定的な SVC です。,-
232,What you do today can improve all your tomorrows.,今日あなたのする行動が、あなたのすべての明日を良くすることができる。,Ralph Marston,アメリカの作家。「The Daily Motivator」の創設者。,【what節と助動詞 can】 「今日の行動」が主語。can（可能性がある）を使うことで、今の自分の一歩が未来のすべてを好転させる希望の因果関係を示しています。,-
233,Act as if what you do makes a difference. It does.,自分の行動が違いを生み出すかのように行動しなさい。実際、違いを生み出すのだから。,William James,アメリカの哲学者、心理学者。プラグマティズムの代表的思索家。,【接続詞 as if と強調の does】 違いを生む（make a difference）かのように振る舞え。最後の It does. は事実であることの念押し（代動詞）です。,-
234,Success is falling nine times and getting up ten.,成功とは9回倒れて10回起き上がることだ。,Jon Bon Jovi,アメリカのミュージシャン、俳優。ロックバンド「ボン・ジョヴィ」のリーダー。,【動名詞の並列】 成功の内容を「転ぶこと（falling）」と「起き上がること（getting up）」のセットとして提示。回数を 9回対10回にすることで、不屈の精神を表現しています。,-
235,The best time to plant a tree was 20 years ago. The second best time is now.,木を植えるのに一番良かった時期は20年前だ。次に良い時期は今である。,Chinese Proverb,中国のことわざ。何かを始めるのに遅すぎることはないという教え。,【不定詞の形容詞的用法】 過去の後悔（20 years ago）を認めつつ、現在（now）を「次善の策」として提示。今始めることが最善であると論理的に促しています。,-
236,We grow great by dreams.,私たちは夢によって偉大になる。,Woodrow Wilson,第28代アメリカ合衆国大統領。国際連盟の創設に尽力した。,【前置詞 by の手段】 「夢（dreams）」という手段によって人間は「偉大に育つ（grow great）」。内なるビジョンが外的な成長を導くというシンプルな因果関係です。,-
237,You change your life by changing your heart.,心を変えることで、人生を変えることができる。,Max Lucado,アメリカの牧師、作家。多くのベストセラーを執筆。,【動名詞による手段】 人生を変える（change your life）方法は、心を変えること（changing your heart）である。原因と結果を同じ動詞 change で繋ぐことで、直結した変化を強調しています。,-
238,It takes courage to grow up and become who you really are.,成長して本当の自分になるには、勇気が必要だ。,E.E. Cummings,アメリカの詩人、画家。,【形式主語 It と不定詞】 真の主語は to grow up...。「本当の自分（who you really are）」になることの困難さを it takes（必要とする）という動詞で表現しています。,-
239,What you do speaks so loudly that I cannot hear what you say.,あなたの行動があまりにも雄弁だから、あなたの言う言葉が聞こえない。,Ralph Waldo Emerson,アメリカの思想家、哲学者。言葉よりも行動の重要性を説いた。,【so ... that 構文】 行動があまりにうるさく叫ぶ（speaks so loudly）ので、言葉（what you say）が聞こえない。言葉よりも行動が真実を語るという擬人化を用いた強調です。,-
240,Success is getting what you want. Happiness is wanting what you get.,成功とは欲しいものを手に入れること。幸福とは手に入れたものを欲することだ。,Dale Carnegie,アメリカの作家、自己啓発の権威。『人を動かす』の著者。,【what節の対置】 成功（Success）と幸福（Happiness）の違いを、get と want の語順を入れ替えるだけで見事に定義。外的な所有と内的な満足の差を説いています。,-
241,"If you want to go fast, go alone. If you want to go far, go together.",早く行きたいなら一人で行け。遠くまで行きたいなら皆で行け。,African Proverb,アフリカの伝統的なことわざ。チームワークの重要性を説く。,【条件節 If の対比】 speed（fast）なら一人（alone）、distance（far）ならチーム（together）。目的によって手段を選ぶべきだという、並列の論理構造です。,-
242,"Life is short, and it is here to be lived.",人生は短い。そしてそれは、生きるためにここにある。,Kate Winslet,イギリスの女優。映画『タイタニック』などで数々の賞を受賞。,【不定詞の受動態】 to be lived（生きられるために）。人生は「ある（here）」だけでなく、実際に「生きられる（行動を伴う）」べき対象であるという存在意義を述べています。,-
243,To think is easy. To act is hard.,考えることは易しい。行動することは難しい。,Johann Wolfgang von Goethe,ドイツの詩人、劇作家、小説家。『ファウスト』の著者。,【不定詞の主語】 「考えること」と「行動すること」。対照的な形容詞 easy と hard を使うことで、実行の難しさと価値を際立たせています。,-
244,"Genius is 1% inspiration, and 99% perspiration.",天才とは、1％のひらめきと99％の努力である。,Thomas Edison,アメリカの発明家。努力の重要性を最も端的に表現した名言。,【名詞の並列】 ひらめき（inspiration）と努力（perspiration）の比率を提示。似た響きの単語を使い、成功の大部分が泥臭い努力によって構成されていることを示しています。,-
245,"Perfection is not attainable, but if we chase perfection we can catch excellence.",完璧を手に入れることはできないが、完璧を追い求めれば「卓越」を掴むことができる。,Vince Lombardi,アメリカのアメリカンフットボールの伝説的コーチ。,【接尾辞 -able と動詞の対比】 到達可能（attainable）ではない完璧（Perfection）を「追いかける（chase）」ことで、結果として卓越（excellence）を「捕まえる（catch）」ことができるというプロセスです。,-
246,Nothing is so contagious as enthusiasm.,熱意ほど伝染しやすいものはない。,Samuel Taylor Coleridge,イギリスの詩人、批評家、哲学者。,【同等比較 not so ... as】 enthusiasm（熱意）以上に「伝染しやすい（contagious）」ものはない。最上級の意味を比較構文で表現し、熱意の及ぼす影響力を最大化しています。,-
247,"A ship in harbor is safe, but that is not what ships are built for.",港にいる船は安全だが、それは船が造られた目的ではない。,John A. Shedd,アメリカの作家、教育者。挑戦することの意義を説いた。,【関係代名詞 what と前置詞 for】 「そのために（for what）」船が造られた。安全（safe）であることよりも、目的（航海）を果たすことこそが本来の存在意義であるという比喩表現です。,-
248,Character is doing the right thing when nobody's looking.,人格とは、誰も見ていない時に正しいことをすることである。,J.C. Watts,アメリカの政治家、元アメリカンフットボール選手。,【動名詞と when 節】 人格（Character）とは「正しいことをすること」。他者の目（nobody's looking）という外的要因に関わらず、内面的な正しさを貫くことを定義しています。,-
249,"If you do not change direction, you may end up where you are heading.",もし方向を変えなければ、今向かっている場所にたどり着いてしまうだろう。,Lao Tzu（老子）,古代中国の哲学者。道教の創始者とされる。,【関係副詞 where】 end up（結局〜になる）。今の方向（direction）のまま進めば、意図せずともその延長線上に着いてしまうという、無意識の慣性への警告です。,-
250,Never leave that till tomorrow which you can do today.,今日できることを明日に延ばすな。,Benjamin Franklin,アメリカ建国の父の一人。時間を有効に使うことを重んじた。,【倒置】 本来 Never leave [that which you can do today] till tomorrow。目的語が長いため後回しにされています。今日できることを明日に回すな、という有名な格言の強調形です。,-
251,There is nothing permanent except change.,変化すること以外に、永遠に続くものはない。,Heraclitus,古代ギリシャの哲学者。「万物は流転する」と説いた。,,-
252,"Do not go where the path may lead, go instead where there is no path and leave a trail.",道が続いている場所へ行くのではなく、道がない場所へ行き、足跡を残しなさい。,Ralph Waldo Emerson,アメリカの思想家、詩人。開拓者精神を称賛した。,,-
253,A wise man will make more opportunities than he finds.,賢者は、見つけるよりも多くの機会を自ら創り出す。,Francis Bacon,イギリスの哲学者、神学者。「知識は力なり」で知られる。,,-
254,The two most important days in your life are the day you are born and the day you find out why.,人生で最も重要な2つの日は、自分が生まれた日と、その理由を見つけた日だ。,Mark Twain,アメリカの作家。ユーモアと鋭い人間観察で知られる。,,-
255,I would rather die of passion than of boredom.,退屈で死ぬくらいなら、情熱で死にたい。,Vincent van Gogh,オランダのポスト印象派の画家。情熱的に芸術を生きた。,,-
256,Logic will get you from A to B. Imagination will take you everywhere.,論理はあなたをA地点からB地点へ導くが、想像力はあなたをどこへでも連れて行く。,Albert Einstein,ドイツ生まれの理論物理学者。相対性理論の提唱者。,,-
257,"Whatever you do, do it well.",何をするにしても、上手に（しっかりと）やりなさい。,Walt Disney,アメリカのアニメーター、実業家。品質へのこだわりを持っていた。,,-
258,You are the average of the five people you spend the most time with.,あなたは、あなたが最も一緒に時間を過ごす5人の平均である。,Jim Rohn,アメリカの起業家、自己啓発作家。環境の重要性を説いた。,,-
259,Fortune favors the bold.,幸運は勇者に味方する。,Virgil,古代ローマの詩人。,,-
260,"He who laughs most, learns best.",最もよく笑う者が、最もよく学ぶ。,John Cleese,イギリスのコメディアン、俳優。ユーモアの重要性を強調した。,,-
261,The beautiful thing about learning is nobody can take it away from you.,学びの素晴らしいところは、誰もあなたからそれを奪えないということだ。,B.B. King,アメリカのブルース・ミュージシャン。「ブルースの王様」と呼ばれた。,,-
262,"To be the best, you must be able to handle the worst.",最高になるためには、最悪の事態に対処できなければならない。,Wilson Kanadi,作家、モチベーショナル・スピーカー。,,-
263,Great minds discuss ideas; average minds discuss events; small minds discuss people.,偉大な心はアイデアを語り、凡庸な心は出来事を語り、狭い心は人々を語る。,Eleanor Roosevelt,アメリカのファーストレディ、人権活動家。,,-
264,Only those who will risk going too far can possibly find out how far one can go.,行き過ぎるリスクを負う者だけが、自分がどれだけ遠くへ行けるかを知ることができる。,T.S. Eliot,イギリスの詩人、劇作家。ノーベル文学賞受賞者。,,-
265,It is during our darkest moments that we must focus to see the light.,光を見るために集中しなければならないのは、最も暗い時期においてである。,Aristotle Onassis,ギリシャの実業家。海運業で巨万の富を築いた。,,-
266,The best revenge is to be unlike him who performed the injury.,最高の復讐とは、あなたを傷つけた相手のようにならないことだ。,Marcus Aurelius,第16代ローマ皇帝、ストア派の哲学者。『自省録』の著者。,,-
267,A mind is like a parachute. It doesn't work if it is not open.,心はパラシュートのようなものだ。開いていなければ機能しない。,Frank Zappa,アメリカのミュージシャン、作曲家。自由な発想を重んじた。,,-
268,Keep going. Everything you need will come to you at the perfect time.,止まらずに進み続けなさい。あなたに必要なものはすべて、完璧なタイミングでやってくる。,Unknown,（詠み人知らず）,,-
269,"In the end, we only regret the chances we didn't take.",結局のところ、私たちが後悔するのは、掴まなかったチャンスのことだけだ。,Lewis Carroll,イギリスの数学者、作家。『不思議の国のアリス』の著者。,,-
270,I never lose. I either win or learn.,私は決して負けない。勝つか、学ぶかのどちらかだ。,Nelson Mandela,南アフリカ共和国の元大統領。失敗を成長の糧とした。,,-
271,"Difficulties in life are intended to make us better, not bitter.",人生の困難は、私たちを「苦々しく」するためではなく「良く」するためにある。,Dan Reeves,アメリカの元アメリカンフットボールの選手・ヘッドコーチ。,,-
272,Be so good they can't ignore you.,誰も無視できないくらい、圧倒的に優れなさい。,Steve Martin,アメリカのコメディアン、俳優、作家。,,-
273,Stars can't shine without darkness.,星は暗闇なしでは輝くことができない。,D.H. Sidebottom,イギリスの作家。逆境の価値をポエティックに表現した。,,-
274,Don't let the fear of losing be greater than the excitement of winning.,負けることへの恐怖を、勝つことへの興奮よりも大きくしてはいけない。,Robert Kiyosaki,アメリカの投資家、実業家。『金持ち父さん 貧乏父さん』の著者。,,-
275,"The trouble is, you think you have time.",問題なのは、「自分には時間がある」と思ってしまうことだ。,Jack Kornfield,アメリカの作家、仏教指導者。（ブッダの言葉として引用されることも多い）,,-
276,"Work hard in silence, let your success be your noise.",沈黙の中で懸命に働き、成功に雄弁に語らせなさい。,Frank Ocean,アメリカのシンガーソングライター。,,-
277,"Do what is right, not what is easy nor what is popular.",簡単なことや人気のあることではなく、正しいことをしなさい。,Roy T. Bennett,アメリカの作家。誠実さの重要性を説いた。,,-
278,"Your life does not get better by chance, it gets better by change.",人生は偶然によって良くなるのではなく、変化によって良くなるのだ。,Jim Rohn,アメリカの起業家、自己啓発作家。自ら行動を起こすことの意義を説く。,,-
279,"Don't raise your voice, improve your argument.",声を荒げるのではなく、議論（論拠）を深めなさい。,Desmond Tutu,南アフリカの平和運動家、聖公会主教。ノーベル平和賞受賞者。,,-
280,"Sometimes you win, sometimes you learn.",勝つ時もあれば、学ぶ時もある。,John C. Maxwell,アメリカのリーダーシップ専門家、作家。失敗の捉え方を示した。,,-
281,The key to success is to start before you are ready.,成功の鍵は、準備ができる前に始めることだ。,Marie Forleo,アメリカの起業家、ライフコーチ。,,-
282,Nothing diminishes anxiety faster than action.,行動することほど早く不安を減らしてくれるものはない。,Walter Anderson,アメリカの画家、作家。,,-
283,Do what you feel in your heart to be right – for you'll be criticized anyway.,あなたの心が正しいと思うことをしなさい。どうせ批判されるのだから。,Eleanor Roosevelt,アメリカのファーストレディ。他人の目を気にしない強さを説いた。,,-
284,Dream big and dare to fail.,大きな夢を持ち、あえて失敗を恐れるな。,Norman Vaughan,アメリカの探検家。南極大陸を探検した。,,-
285,Opportunities multiply as they are seized.,機会は、それを掴むたびに増大していく。,Sun Tzu（孫子）,古代中国の兵法家。『孫子の兵法』の著者。,,-
286,Fear is only as deep as the mind allows.,恐怖の深さは、心が許す深さでしかない。,Japanese Proverb,日本のことわざ。恐怖は自分の心が作り出しているという教え。,,-
287,Vision without execution is just hallucination.,実行を伴わないビジョンは、ただの幻覚にすぎない。,Henry Ford,フォード・モーターの創設者。アイデアを行動に移す重要性を強調した。,,-
288,An investment in knowledge pays the best interest.,知識への投資が、最高の利子を生む。,Benjamin Franklin,アメリカの政治家、科学者、著述家。自己研鑽の価値を説いた。,,-
289,Change is the law of life.,変化とは人生の法則である。,John F. Kennedy,第35代アメリカ合衆国大統領。変化を恐れず受け入れる姿勢を示した。,,-
290,"If you fell down yesterday, stand up today.",もし昨日転んだのなら、今日立ち上がりなさい。,H.G. Wells,イギリスの小説家。『宇宙戦争』や『タイム・マシン』の著者。,,-
291,Don't wait. The time will never be just right.,待ってはいけない。「完璧なタイミング」など決して来ないのだから。,Napoleon Hill,アメリカの著作家。成功哲学の提唱者。,,-
292,The starting point of all achievement is desire.,すべての達成の出発点は、願望である。,Napoleon Hill,アメリカの成功哲学者。『思考は現実化する』の著者。,,-
293,What we fear of doing most is usually what we most need to do.,私たちが最もすることを恐れていることこそ、通常、最もする必要があることだ。,Ralph Waldo Emerson,アメリカの思想家、哲学者。,,-
294,We generate fears while we sit. We overcome them by action.,私たちは座っている間に恐怖を生み出し、行動によってそれを克服する。,Dr. Henry Link,アメリカの心理学者。,,-
295,Worry is like a rocking chair: it gives you something to do but never gets you anywhere.,心配することはロッキングチェアのようなものだ。やることは与えてくれるが、どこにも連れて行ってはくれない。,Erma Bombeck,アメリカのユーモア作家、コラムニスト。,,-
296,Courage is doing what you are afraid to do.,勇気とは、恐れていることを実行することだ。,Eddie Rickenbacker,アメリカの第一次世界大戦のエース・パイロット。,,-
297,Every day is a second chance.,毎日は、セカンドチャンス（やり直しの機会）である。,Unknown,（詠み人知らず）,,-
298,Make your life a masterpiece; imagine no limitations.,あなたの人生を最高傑作にしなさい。限界はないと想像するのだ。,Brian Tracy,カナダ出身の自己啓発作家、モチベーショナル・スピーカー。,,-
299,Every artist was first an amateur.,どんなアーティストも、最初はアマチュアだった。,Ralph Waldo Emerson,アメリカの思想家。最初から完璧な人はいないと励ます言葉。,,-
300,Take the risk or lose the chance.,リスクを取るか、チャンスを失うかだ。,Unknown,（詠み人知らず）,,-
301,To change one's life: Start immediately. Do it flamboyantly.,人生を変えるには、すぐに始めなさい。そして、華々しくやりなさい。,William James,アメリカの哲学者、心理学者。プラグマティズムの代表的思索家。,,-
302,"Be yourself, but always your better self.",自分自身でありなさい。しかし、常に「より良い自分」でありなさい。,Karl G. Maeser,ドイツ出身の教育者。,,-
303,We can do anything we want to if we stick to it long enough.,もし十分に長くそれに固執（継続）するなら、私たちは望むことは何でもできる。,Helen Keller,アメリカの著述家、教育家、社会福祉活動家。,,-
304,Your most unhappy customers are your greatest source of learning.,あなたにとって最も不満を抱いている顧客こそが、最大の学びの源である。,Bill Gates,Microsoftの共同創業者。ビジネスにおけるフィードバックの重要性を説く。,,-
305,Never interrupt your enemy when he is making a mistake.,敵が間違いを犯している時は、決して邪魔をしてはならない。,Napoleon Bonaparte,フランスの軍人、皇帝。,,-
306,He who is not courageous enough to take risks will accomplish nothing in life.,リスクを取る勇気がない者は、人生で何も達成することはないだろう。,Muhammad Ali,アメリカの元プロボクサー。,,-
307,Hope is a waking dream.,希望とは、目覚めている時に見る夢である。,Aristotle,古代ギリシャの哲学者。,,-
308,"The most difficult thing is the decision to act, the rest is merely tenacity.",最も難しいのは行動するという決断であり、残りは単なる執念にすぎない。,Amelia Earhart,アメリカの女性飛行士。女性として初めて大西洋単独横断飛行に成功。,,-
309,Life is either a daring adventure or nothing at all.,人生は大胆な冒険か、あるいは何でもないかのどちらかだ。,Helen Keller,アメリカの著述家、社会福祉活動家。重い障害を乗り越え世界中に希望を与えた。,,-
310,"All our dreams can come true, if we have the courage to pursue them.",私たちのすべての夢は実現できる。それを追い求める勇気があれば。,Walt Disney,アメリカのアニメーター、映画監督。ディズニーリゾートの創設者。,,-
311,The future depends on what you do today.,未来は、あなたが今日何をするかにかかっている。,Mahatma Gandhi,インドの独立運動指導者。「非暴力・不服従」を提唱した。,,-
312,Believe in yourself and all that you are.,自分自身と、自分のすべてを信じなさい。,Christian D. Larson,アメリカの自己啓発作家。ニューソート運動の指導者の一人。,,-
313,Don't be afraid to give up the good to go for the great.,偉大なものを手に入れるために、良いものを手放すことを恐れてはならない。,John D. Rockefeller,アメリカの実業家。スタンダード・オイルを創業し、巨万の富を築いた。,,-
314,A successful man is one who can lay a firm foundation with the bricks others have thrown at him.,成功者とは、他人が自分に投げつけたレンガでしっかりした基礎を築くことができる人のことだ。,David Brinkley,アメリカのニュースキャスター、ジャーナリスト。,,-
315,Nothing in the world can take the place of Persistence.,この世界で、忍耐（粘り強さ）の代わりになるものは何もない。,Calvin Coolidge,第30代アメリカ合衆国大統領。寡黙な性格で知られた。,,-
316,The difference between ordinary and extraordinary is that little extra.,「普通」と「並外れたもの」の違いは、そのほんの少しの「余分な努力（エクストラ）」にある。,Jimmy Johnson,アメリカのアメリカンフットボールの元コーチ、スポーツ解説者。,,-
317,"If you can't explain it simply, you don't understand it well enough.",シンプルに説明できないのなら、あなたはそれを十分に理解していないということだ。,Albert Einstein,ドイツ生まれの理論物理学者。相対性理論の提唱者。,,-
318,You measure the size of the accomplishment by the obstacles you had to overcome to reach your goals.,目標に到達するために乗り越えなければならなかった障害によって、達成の大きさを測るのだ。,Booker T. Washington,アメリカの教育者、著作家。アフリカ系アメリカ人の地位向上に尽力した。,,-
319,What seems to us as bitter trials are often blessings in disguise.,私たちにとって苦い試練に見えるものは、多くの場合、変装した祝福である。,Oscar Wilde,アイルランド出身の詩人、作家、劇作家。,,-
320,Don't wish it were easier. Wish you were better.,簡単であればいいのにと願うな。自分がより良くなれるように願いなさい。,Jim Rohn,アメリカの起業家、自己啓発作家。,,-
321,A smooth sea never made a skilled sailor.,穏やかな海は決して熟練の船乗りを育てない。,Franklin D. Roosevelt,第32代アメリカ合衆国大統領。ニューディール政策を推進した。,,-
322,The only place where success comes before work is in the dictionary.,成功（success）が努力（work）より前に来るのは、辞書の中だけだ。,Vidal Sassoon,イギリス出身のヘアドレッサー、実業家。サスーンカットを考案。,,-
323,Opportunity is missed by most people because it is dressed in overalls and looks like work.,チャンスは多くの人に逃されてしまう。なぜなら、それは作業着を着ていて、労働のように見えるからだ。,Thomas Edison,アメリカの発明家。白熱電球や蓄音機など数々の発明を行った。,,-
324,Definiteness of purpose is the starting point of all achievement.,目的の明確さが、すべての達成の出発点である。,W. Clement Stone,アメリカの実業家、著作家。ナポレオン・ヒルと共に成功哲学を広めた。,,-
325,You can't build a reputation on what you are going to do.,これからやろうとしていることでは、評判を築くことはできない。,Henry Ford,フォード・モーターの創設者。自動車の大量生産方式を確立した。,,-
326,Knowing yourself is the beginning of all wisdom.,自分自身を知ることは、すべての知恵の始まりである。,Aristotle,古代ギリシャの哲学者。多岐にわたる学問を体系化した。,,-
327,Peace comes from within. Do not seek it without.,平和は内面からやってくる。それを外に求めてはならない。,Buddha（ブッダ）,仏教の開祖。本名はゴータマ・シッダールタ。,,-
328,"To be a great champion you must believe you are the best. If you're not, pretend you are.",偉大なチャンピオンになるには、自分が最高だと信じなければならない。もしそうでないなら、そのふりをしろ。,Muhammad Ali,アメリカの元プロボクサー。ヘビー級チャンピオン。,,-
329,Honesty is the first chapter in the book of wisdom.,誠実さは、知恵の書の第1章である。,Thomas Jefferson,第3代アメリカ合衆国大統領。独立宣言の主な起草者。,,-
330,"Be not afraid of life. Believe that life is worth living, and your belief will help create the fact.",人生を恐れてはいけない。人生は生きる価値があると信じなさい。その信念が、事実を創り出す助けとなる。,William James,アメリカの哲学者、心理学者。プラグマティズムの代表的思索家。,,-
331,"Out of clutter, find simplicity.",混沌の中から、シンプルさを見つけ出しなさい。,Albert Einstein,ドイツ生まれの理論物理学者。20世紀最大の物理学者とも称される。,,-
332,You can never cross the ocean until you have the courage to lose sight of the shore.,岸を見失う勇気がない限り、決して海を渡ることはできない。,Christopher Columbus,イタリア出身の探検家。大西洋を横断しアメリカ大陸に到達した。,,-
333,The way to know life is to love many things.,人生を知る方法は、多くのものを愛することだ。,Vincent van Gogh,オランダのポスト印象派の画家。『ひまわり』や『星月夜』などで知られる。,,-
334,"We know what we are, but know not what we may be.",私たちは自分が何者かを知っているが、何になれるかは知らない。,William Shakespeare,イギリスの劇作家、詩人。『ハムレット』などを執筆。,,-
335,Keep true to the dreams of thy youth.,汝の若き日の夢に忠実であれ。,Friedrich Schiller,ドイツの詩人、劇作家、思想家。ベートーヴェンの「第九」の原詩を手掛けた。,,-
336,There is always light. If only we're brave enough to see it. If only we're brave enough to be it.,光は常にある。私たちにそれを見る勇気さえあれば。私たちがそれになる勇気さえあれば。,Amanda Gorman,アメリカの詩人、活動家。大統領就任式で詩を朗読したことで知られる。,,-
337,The bad news is time flies. The good news is you're the pilot.,悪い知らせは、時間は飛ぶように過ぎていくこと。良い知らせは、あなたがそのパイロットであることだ。,Michael Altshuler,アメリカの起業家、モチベーショナル・スピーカー。,,-
338,"You don't always need a plan. Sometimes you just need to breathe, trust, let go, and see what happens.",いつも計画が必要なわけではない。ただ呼吸し、信じ、手放し、何が起こるかを見るだけでいい時もある。,Mandy Hale,アメリカのブロガー、作家。,,-
339,I have decided to stick with love. Hate is too great a burden to bear.,私は愛にこだわることに決めた。憎しみは、背負うにはあまりにも重すぎる荷物だからだ。,Martin Luther King Jr.,アメリカの公民権運動の指導者。人種差別撤廃に尽力した。,,-
340,We rise by lifting others.,私たちは、他人を引き上げることで自らも上昇する。,Robert Ingersoll,アメリカの弁護士、政治家、雄弁家。,,-
341,I survived because the fire inside me burned brighter than the fire around me.,私が生き残ったのは、私の内なる炎が、周りの炎よりも明るく燃えていたからだ。,Joshua Graham,（ゲーム『Fallout: New Vegas』のキャラクター。名言として広く引用される）,,-
342,"Sometimes you will never know the value of a moment, until it becomes a memory.",その瞬間が思い出になるまで、その価値を決して知ることがない時がある。,Dr. Seuss,アメリカの絵本作家。独特な韻を踏んだ作品で知られる。,,-
343,To live will be an awfully big adventure.,生きるということは、とてつもなく大きな冒険になるだろう。,J.M. Barrie,イギリスの劇作家、小説家。『ピーター・パン』の作者。,,-
344,Those who realize their folly are not true fools.,自分の愚かさに気づいている者は、本当の愚か者ではない。,Zhuangzi（荘子）,古代中国の思想家。道家の代表的人物。,,-
345,The true measure of a man is how he treats someone who can do him absolutely no good.,人の真の価値は、自分に何の利益ももたらさない相手をどう扱うかで測られる。,Samuel Johnson,18世紀イギリスの文学者、辞書編集者。,,-
346,The only disability in life is a bad attitude.,人生における唯一の障害は、悪い態度である。,Scott Hamilton,アメリカの元フィギュアスケート選手。オリンピック金メダリスト。,,-
347,"Whatever you do, do with all your might.",何をするにしても、全力でやりなさい。,Marcus Tullius Cicero,古代ローマの政治家、哲学者、弁論家。,,-
348,Give me six hours to chop down a tree and I will spend the first four sharpening the axe.,木を切り倒すのに6時間与えられたら、私は最初の4時間を斧を研ぐことに費やすだろう。,Abraham Lincoln,第16代アメリカ合衆国大統領。準備の重要性を説いた。,,-
349,You do not find the happy life. You make it.,幸せな人生は「見つける」ものではない。あなたが「作る」ものだ。,Camilla Eyring Kimball,アメリカの著述家。,,-
350,"A single rose can be my garden... a single friend, my world.",一輪のバラが私の庭になり得る。そして一人の友が、私の世界になり得る。,Leo Buscaglia,アメリカの教育学者、作家。「愛の伝道師」と呼ばれた。,,-
351,You define your own life. Don't let other people write your script.,自分の人生を定義するのは自分だ。他人に自分の台本を書かせてはいけない。,Oprah Winfrey,アメリカのテレビ司会者、プロデューサー。,,-
352,"Words can inspire, thoughts can provoke, but only action truly brings you closer to your dreams.",言葉はインスピレーションを与え、思考は刺激を与えることができる。しかし、真にあなたを夢に近づけるのは行動だけである。,Brad Sugars,オーストラリア出身の起業家、ビジネスコーチ。,,-
353,"If you look at what you have in life, you'll always have more.",人生で自分が持っているものに目を向ければ、いつでもより多くのものを得られる。,Oprah Winfrey,アメリカのテレビ司会者。感謝の心を持つことの大切さを説いた。,,-
354,"The most effective way to do it, is to do it.",最も効果的な方法は、「それをやること」だ。,Amelia Earhart,アメリカの女性飛行士。女性として初めて大西洋単独横断飛行に成功。,,-
355,"A creative man is motivated by the desire to achieve, not by the desire to beat others.",創造的な人は、他人に勝つことへの欲求ではなく、達成することへの欲求によって動機づけられる。,Ayn Rand,ロシア系アメリカ人の小説家、思想家。,,-
356,"To invent, you need a good imagination and a pile of junk.",発明に必要なのは、豊かな想像力とガラクタの山だ。,Thomas Edison,アメリカの発明家。身近なものから数々の革新を生み出した。,,-
357,Always bear in mind that your own resolution to succeed is more important than any other.,成功するというあなた自身の決意が、他の何よりも重要であることを常に心に留めておきなさい。,Abraham Lincoln,第16代アメリカ合衆国大統領。強い意志で国難を乗り越えた。,,-
358,"Never regret a day in your life: good days give happiness, bad days give experience.",人生の1日たりとも後悔してはいけない。良い日は幸福を与え、悪い日は経験を与えてくれるのだから。,Unknown,（詠み人知らず）,,-
359,Mistakes are the portals of discovery.,間違いは、発見への入り口である。,James Joyce,アイルランドの小説家、詩人。『ユリシーズ』の著者。,,-
360,"If you don't like the road you're walking, start paving another one.",もし自分の歩いている道が気に入らないなら、別の道を舗装し始めなさい。,Dolly Parton,アメリカのシンガーソングライター、女優。,,-
361,"No matter what people tell you, words and ideas can change the world.",誰が何と言おうと、言葉とアイデアは世界を変えることができる。,Robin Williams,アメリカの俳優、コメディアン。映画『いまを生きる』のセリフより。,,-
362,Every noble work is at first impossible.,すべての気高い事業は、最初は不可能に思えるものだ。,Thomas Carlyle,イギリスの歴史家、思想家、評論家。,,-
363,The measure of intelligence is the ability to change.,知性の尺度は、変化する能力である。,Albert Einstein,ドイツ生まれの理論物理学者。柔軟な思考を重要視した。,,-
364,"And now that you don't have to be perfect, you can be good.",完璧である必要がなくなった今、あなたは「善良」になることができる。,John Steinbeck,アメリカの小説家。『怒りの葡萄』や『エデンの東』の著者。,,-
365,The journey of a thousand miles begins with one step.,,,,,